lexeme_id,concept_id,sense_id,variant_group_id,surface_form,canonical_concept,swahili_gloss,english_gloss,category,region,register,source_name,source_type,permission_basis,training_use_allowed,commercial_use_allowed,review_status,confidence,notes
L00001,C0001,S00001,V0001,niaje,casual greeting,habari,what's up,greeting,Kenya,informal/sheng,Project curated candidate,curated_candidate,candidate_lexical_fact_original_examples,conditional,conditional,needs_native_review,0.60,
L00002,C0001,S00002,V0001,sasa,casual greeting,habari,hey / what's up,greeting,Kenya,informal/sheng,Project curated candidate,curated_candidate,candidate_lexical_fact_original_examples,conditional,conditional,needs_native_review,0.60,
L00003,C0002,S00003,V0002,poa,good/fine,vizuri,cool / fine,quality,Kenya,informal/sheng,Project curated candidate,curated_candidate,candidate_lexical_fact_original_examples,conditional,conditional,needs_native_review,0.60,
L00004,C0003,S00004,V0002,fiti,good/attractive,nzuri,good / attractive,quality,Kenya,informal/sheng,Project curated candidate,curated_candidate,candidate_lexical_fact_original_examples,conditional,conditional,needs_native_review,0.60,
L00005,C0004,S00005,V0002,safi,good/cool,nzuri,cool / good,quality,Kenya,informal/sheng,Project curated candidate,curated_candidate,candidate_lexical_fact_original_examples,conditional,conditional,needs_native_review,0.60,
L00006,C0005,S00006,V0002,freshi,fine/good,salama,fine / good,quality,Kenya,informal/sheng,Project curated candidate,curated_candidate,candidate_lexical_fact_original_examples,conditional,conditional,needs_native_review,0.60,
L00007,C0006,S00007,V0003,maze,discourse emphasis,kweli,man / really,conversation,Kenya,informal/sheng,Project curated candidate,curated_candidate,candidate_lexical_fact_original_examples,conditional,conditional,needs_native_review,0.60,
L00008,C0007,S00008,V0004,form,plan,mpango,plan / what's happening,conversation,Kenya,informal/sheng,Project curated candidate,curated_candidate,candidate_lexical_fact_original_examples,conditional,conditional,needs_native_review,0.60,
L00009,C0008,S00009,V0005,rada,plan/situation,mpango/hali,plan / situation,conversation,Kenya,informal/sheng,Project curated candidate,curated_candidate,candidate_lexical_fact_original_examples,conditional,conditional,needs_native_review,0.60,
L00010,C0009,S00010,V0005,rada,awareness/alertness,tahadhari/ufahamu,awareness / alertness,conversation,Kenya,informal/sheng,Project curated candidate,curated_candidate,candidate_lexical_fact_original_examples,conditional,conditional,needs_native_review,0.60,
L00011,C0010,S00011,V0006,base,hangout spot,mahali,spot / hangout place,places,Kenya,informal/sheng,Project curated candidate,curated_candidate,candidate_lexical_fact_original_examples,conditional,conditional,needs_native_review,0.60,
L00012,C0011,S00012,V0006,base,home/base,nyumbani,home / base,places,Kenya,informal/sheng,Project curated candidate,curated_candidate,candidate_lexical_fact_original_examples,conditional,conditional,needs_native_review,0.60,
L00013,C0012,S00013,V0007,keja,house/home,nyumba,house / home,places,Kenya,informal/sheng,Project curated candidate,curated_candidate,candidate_lexical_fact_original_examples,conditional,conditional,needs_native_review,0.60,
L00014,C0012,S00014,V0007,hao,house/home,nyumba,house / home,places,Kenya,informal/sheng,Project curated candidate,curated_candidate,candidate_lexical_fact_original_examples,conditional,conditional,needs_native_review,0.60,
L00015,C0012,S00015,V0007,digs,house/home,nyumba,house / home,places,Kenya,informal/sheng,Project curated candidate,curated_candidate,candidate_lexical_fact_original_examples,conditional,conditional,needs_native_review,0.60,
L00016,C0012,S00016,V0007,guba,house/home,nyumba,house / home,places,Kenya,informal/sheng,Project curated candidate,curated_candidate,candidate_lexical_fact_original_examples,conditional,conditional,needs_native_review,0.60,
L00017,C0012,S00017,V0007,ndaki,house/home,nyumba,house / home,places,Kenya,informal/sheng,Project curated candidate,curated_candidate,candidate_lexical_fact_original_examples,conditional,conditional,needs_native_review,0.60,
L00018,C0013,S00018,V0008,mtaa,neighborhood,mtaa,neighborhood / hood,places,Kenya,informal/sheng,Project curated candidate,curated_candidate,candidate_lexical_fact_original_examples,conditional,conditional,needs_native_review,0.60,
L00019,C0014,S00019,V0009,tao,town/CBD,mji,town / CBD,places,Kenya,informal/sheng,Project curated candidate,curated_candidate,candidate_lexical_fact_original_examples,conditional,conditional,needs_native_review,0.60,
L00020,C0015,S00020,V0010,Kanairo,Nairobi,Nairobi,Nairobi,places,Kenya,informal/sheng,Project curated candidate,curated_candidate,candidate_lexical_fact_original_examples,conditional,conditional,needs_native_review,0.60,
L00021,C0016,S00021,V0011,mathe,mother,mama,mother / mum,family,Kenya,informal/sheng,Project curated candidate,curated_candidate,candidate_lexical_fact_original_examples,conditional,conditional,needs_native_review,0.60,
L00022,C0016,S00022,V0011,mathee,mother,mama,mother / mum,family,Kenya,informal/sheng,Project curated candidate,curated_candidate,candidate_lexical_fact_original_examples,conditional,conditional,needs_native_review,0.60,
L00023,C0016,S00023,V0011,matha,mother,mama,mother / mum,family,Kenya,informal/sheng,Project curated candidate,curated_candidate,candidate_lexical_fact_original_examples,conditional,conditional,needs_native_review,0.60,
L00024,C0016,S00024,V0011,madhe,mother,mama,mother / mum,family,Kenya,informal/sheng,Project curated candidate,curated_candidate,candidate_lexical_fact_original_examples,conditional,conditional,needs_native_review,0.60,
L00025,C0016,S00025,V0011,madha,mother,mama,mother / mum,family,Kenya,informal/sheng,Project curated candidate,curated_candidate,candidate_lexical_fact_original_examples,conditional,conditional,needs_native_review,0.60,
L00026,C0016,S00026,V0011,masa,mother,mama,mother / mum,family,Kenya,informal/sheng,Project curated candidate,curated_candidate,candidate_lexical_fact_original_examples,conditional,conditional,needs_native_review,0.60,
L00027,C0016,S00027,V0011,mthama,mother,mama,mother / mum,family,Kenya,informal/sheng,Project curated candidate,curated_candidate,candidate_lexical_fact_original_examples,conditional,conditional,needs_native_review,0.60,
L00028,C0016,S00028,V0011,muthama,mother,mama,mother / mum,family,Kenya,informal/sheng,Project curated candidate,curated_candidate,candidate_lexical_fact_original_examples,conditional,conditional,needs_native_review,0.60,
L00029,C0016,S00029,V0011,mdhama,mother,mama,mother / mum,family,Kenya,informal/sheng,Project curated candidate,curated_candidate,candidate_lexical_fact_original_examples,conditional,conditional,needs_native_review,0.60,
L00030,C0016,S00030,V0011,mudhama,mother,mama,mother / mum,family,Kenya,informal/sheng,Project curated candidate,curated_candidate,candidate_lexical_fact_original_examples,conditional,conditional,needs_native_review,0.60,
L00031,C0017,S00031,V0011,mokoro,mother/older woman,mama/mwanamke mzee,mother / older woman,family,Kenya,informal/sheng,Project curated candidate,curated_candidate,candidate_lexical_fact_original_examples,conditional,conditional,needs_native_review,0.60,
L00032,C0017,S00032,V0011,mukoro,mother/older woman,mama/mwanamke mzee,mother / older woman,family,Kenya,informal/sheng,Project curated candidate,curated_candidate,candidate_lexical_fact_original_examples,conditional,conditional,needs_native_review,0.60,
L00033,C0016,S00033,V0011,mkoro,mother,mama,mother / mum,family,Kenya,informal/sheng,User-provided seed,user_provided,candidate_lexical_fact_original_examples,conditional,conditional,needs_native_review,0.60,User-provided candidate; verify natively
L00034,C0018,S00034,V0012,fathe,father,baba,father / dad,family,Kenya,informal/sheng,Project curated candidate,curated_candidate,candidate_lexical_fact_original_examples,conditional,conditional,needs_native_review,0.60,
L00035,C0019,S00035,V0012,mzae,father/older man,baba/mzee,father / older man,family,Kenya,informal/sheng,Project curated candidate,curated_candidate,candidate_lexical_fact_original_examples,conditional,conditional,needs_native_review,0.60,
L00036,C0018,S00036,V0012,mbuyu,father,baba,father / dad,family,Kenya,informal/sheng,Project curated candidate,curated_candidate,candidate_lexical_fact_original_examples,conditional,conditional,needs_native_review,0.60,
L00037,C0018,S00037,V0012,mzing,father,baba,father / dad,family,Kenya,informal/sheng,Project curated candidate,curated_candidate,candidate_lexical_fact_original_examples,conditional,conditional,needs_native_review,0.60,
L00038,C0018,S00038,V0012,arinzu,father,baba,father / dad,family,Kenya,informal/sheng,Project curated candidate,curated_candidate,candidate_lexical_fact_original_examples,conditional,conditional,needs_native_review,0.60,
L00039,C0019,S00039,V0013,buda,father/older man,baba/mzee,father / older man,family,Kenya,informal/sheng,Project curated candidate,curated_candidate,candidate_lexical_fact_original_examples,conditional,conditional,needs_native_review,0.60,
L00040,C0020,S00040,V0013,buda,bro/dude,rafiki/jamaa,bro / dude,people,Kenya,informal/sheng,Project curated candidate,curated_candidate,candidate_lexical_fact_original_examples,conditional,conditional,needs_native_review,0.60,
L00041,C0021,S00041,V0014,msee,person/guy,mtu/jamaa,person / guy,people,Kenya,informal/sheng,Project curated candidate,curated_candidate,candidate_lexical_fact_original_examples,conditional,conditional,needs_native_review,0.60,
L00042,C0022,S00042,V0014,msee,older man,mzee,older man,people,Kenya,informal/sheng,Project curated candidate,curated_candidate,candidate_lexical_fact_original_examples,conditional,conditional,needs_native_review,0.60,
L00043,C0023,S00043,V0015,morio,guy/friend,jamaa/rafiki,guy / friend,people,Kenya,informal/sheng,Project curated candidate,curated_candidate,candidate_lexical_fact_original_examples,conditional,conditional,needs_native_review,0.60,
L00044,C0024,S00044,V0016,dem,girl,msichana,girl,people,Kenya,informal/sheng,Project curated candidate,curated_candidate,candidate_lexical_fact_original_examples,conditional,conditional,needs_native_review,0.60,
L00045,C0025,S00045,V0017,manzi,girl/young woman,msichana,girl / young woman,people,Kenya,informal/sheng,Project curated candidate,curated_candidate,candidate_lexical_fact_original_examples,conditional,conditional,needs_native_review,0.60,
L00046,C0026,S00046,V0017,manzi,girlfriend,mpenzi,girlfriend,relationships,Kenya,informal/sheng,Project curated candidate,curated_candidate,candidate_lexical_fact_original_examples,conditional,conditional,needs_native_review,0.60,
L00047,C0027,S00047,V0016,msupa,girl/attractive woman,msichana/mwanamke,girl / attractive woman,people,Kenya,informal/sheng,Project curated candidate,curated_candidate,candidate_lexical_fact_original_examples,conditional,conditional,needs_native_review,0.60,
L00048,C0028,S00048,V0016,mshi,young woman,msichana,young woman / lady,people,Kenya,informal/sheng,Project curated candidate,curated_candidate,candidate_lexical_fact_original_examples,conditional,conditional,needs_native_review,0.60,
L00049,C0029,S00049,V0018,chali,boyfriend/guy,mpenzi/jamaa,boyfriend / guy,relationships,Kenya,informal/sheng,Project curated candidate,curated_candidate,candidate_lexical_fact_original_examples,conditional,conditional,needs_native_review,0.60,
L00050,C0030,S00050,V0015,jamaa,guy/man,jamaa,guy / man,people,Kenya,informal/sheng,Project curated candidate,curated_candidate,candidate_lexical_fact_original_examples,conditional,conditional,needs_native_review,0.60,
L00051,C0031,S00051,V0019,beshte,close friend,rafiki wa karibu,close friend / bestie,social,Kenya,informal/sheng,Project curated candidate,curated_candidate,candidate_lexical_fact_original_examples,conditional,conditional,needs_native_review,0.60,
L00052,C0031,S00052,V0019,beste,close friend,rafiki wa karibu,close friend / bestie,social,Kenya,informal/sheng,Project curated candidate,curated_candidate,candidate_lexical_fact_original_examples,conditional,conditional,needs_native_review,0.60,
L00053,C0032,S00053,V0020,mbogi,crew/group,kundi,crew / group,social,Kenya,informal/sheng,Project curated candidate,curated_candidate,candidate_lexical_fact_original_examples,conditional,conditional,needs_native_review,0.60,
L00054,C0033,S00054,V0021,wasee,people/guys,watu,people / guys,people,Kenya,informal/sheng,Project curated candidate,curated_candidate,candidate_lexical_fact_original_examples,conditional,conditional,needs_native_review,0.60,
L00055,C0034,S00055,V0022,siz,sister,dada,sister,family,Kenya,informal/sheng,Project curated candidate,curated_candidate,candidate_lexical_fact_original_examples,conditional,conditional,needs_native_review,0.60,
L00056,C0034,S00056,V0022,sistee,sister,dada,sister,family,Kenya,informal/sheng,Project curated candidate,curated_candidate,candidate_lexical_fact_original_examples,conditional,conditional,needs_native_review,0.60,
L00057,C0035,S00057,V0023,bro,brother/bro,kaka,brother / bro,family,Kenya,informal/sheng,Project curated candidate,curated_candidate,candidate_lexical_fact_original_examples,conditional,conditional,needs_native_review,0.60,
L00058,C0036,S00058,V0024,kazee,cousin,binamu,cousin,family,Kenya,informal/sheng,Project curated candidate,curated_candidate,candidate_lexical_fact_original_examples,conditional,conditional,needs_native_review,0.60,
L00059,C0036,S00059,V0024,kazoo,cousin,binamu,cousin,family,Kenya,informal/sheng,Project curated candidate,curated_candidate,candidate_lexical_fact_original_examples,conditional,conditional,needs_native_review,0.60,
L00060,C0037,S00060,V0025,doh,money,pesa,money / cash,money,Kenya,informal/sheng,Project curated candidate,curated_candidate,candidate_lexical_fact_original_examples,conditional,conditional,needs_native_review,0.60,
L00061,C0037,S00061,V0025,dooh,money,pesa,money / cash,money,Kenya,informal/sheng,Project curated candidate,curated_candidate,candidate_lexical_fact_original_examples,conditional,conditional,needs_native_review,0.60,
L00062,C0037,S00062,V0025,chapaa,money,pesa,money / cash,money,Kenya,informal/sheng,Project curated candidate,curated_candidate,candidate_lexical_fact_original_examples,conditional,conditional,needs_native_review,0.60,
L00063,C0037,S00063,V0025,mkwanja,money,pesa,money / cash,money,Kenya,informal/sheng,Project curated candidate,curated_candidate,candidate_lexical_fact_original_examples,conditional,conditional,needs_native_review,0.60,
L00064,C0037,S00064,V0025,ganji,money,pesa,money / cash,money,Kenya,informal/sheng,Project curated candidate,curated_candidate,candidate_lexical_fact_original_examples,conditional,conditional,needs_native_review,0.60,
L00065,C0037,S00065,V0026,do,money,pesa,money / cash,money,Kenya,informal/sheng,Project curated candidate,curated_candidate,candidate_lexical_fact_original_examples,conditional,conditional,needs_native_review,0.60,
L00066,C0038,S00066,V0026,do,no,hapana,no,conversation,Kenya,informal/sheng,Project curated candidate,curated_candidate,candidate_lexical_fact_original_examples,conditional,conditional,needs_native_review,0.60,
L00067,C0039,S00067,V0027,mbao,twenty shillings,shilingi ishirini,20 Kenyan shillings,money,Kenya,informal/sheng,Project curated candidate,curated_candidate,candidate_lexical_fact_original_examples,conditional,conditional,needs_native_review,0.60,
L00068,C0040,S00068,V0027,mbao,wood/plank,mbao,wood / plank,objects,Kenya,informal/sheng,Project curated candidate,curated_candidate,candidate_lexical_fact_original_examples,conditional,conditional,needs_native_review,0.60,
L00069,C0039,S00069,V0028,bluu,twenty shillings,shilingi ishirini,20 Kenyan shillings,money,Kenya,informal/sheng,Project curated candidate,curated_candidate,candidate_lexical_fact_original_examples,conditional,conditional,needs_native_review,0.60,
L00070,C0039,S00070,V0028,paoo,twenty shillings,shilingi ishirini,20 Kenyan shillings,money,Kenya,informal/sheng,Project curated candidate,curated_candidate,candidate_lexical_fact_original_examples,conditional,conditional,needs_native_review,0.60,
L00071,C0039,S00071,V0028,hluu,twenty shillings,shilingi ishirini,20 Kenyan shillings,money,Kenya,informal/sheng,Project curated candidate,curated_candidate,candidate_lexical_fact_original_examples,conditional,conditional,needs_native_review,0.60,
L00072,C0041,S00072,V0029,kobole,five shillings,shilingi tano,5 Kenyan shillings,money,Kenya,informal/sheng,Project curated candidate,curated_candidate,candidate_lexical_fact_original_examples,conditional,conditional,needs_native_review,0.60,
L00073,C0041,S00073,V0029,ngovo,five shillings,shilingi tano,5 Kenyan shillings,money,Kenya,informal/sheng,Project curated candidate,curated_candidate,candidate_lexical_fact_original_examples,conditional,conditional,needs_native_review,0.60,
L00074,C0042,S00074,V0030,soo,one hundred shillings,shilingi mia moja,100 Kenyan shillings,money,Kenya,informal/sheng,Project curated candidate,curated_candidate,candidate_lexical_fact_original_examples,conditional,conditional,needs_native_review,0.60,
L00075,C0042,S00075,V0030,nyanga,one hundred shillings,shilingi mia moja,100 Kenyan shillings,money,Kenya,informal/sheng,Project curated candidate,curated_candidate,candidate_lexical_fact_original_examples,conditional,conditional,needs_native_review,0.60,
L00076,C0043,S00076,V0031,thao,one thousand shillings,shilingi elfu moja,"1,000 Kenyan shillings",money,Kenya,informal/sheng,Project curated candidate,curated_candidate,candidate_lexical_fact_original_examples,conditional,conditional,needs_native_review,0.60,
L00077,C0043,S00077,V0031,brown,one thousand shillings,shilingi elfu moja,"1,000 Kenyan shillings",money,Kenya,informal/sheng,Project curated candidate,curated_candidate,candidate_lexical_fact_original_examples,conditional,conditional,needs_native_review,0.60,
L00078,C0043,S00078,V0031,ivory,one thousand shillings,shilingi elfu moja,"1,000 Kenyan shillings",money,Kenya,informal/sheng,Project curated candidate,curated_candidate,candidate_lexical_fact_original_examples,conditional,conditional,needs_native_review,0.60,
L00079,C0043,S00079,V0031,tenga,one thousand shillings,shilingi elfu moja,"1,000 Kenyan shillings",money,Kenya,informal/sheng,Project curated candidate,curated_candidate,candidate_lexical_fact_original_examples,conditional,conditional,needs_native_review,0.60,
L00080,C0044,S00080,V0032,iluka,ten shillings,shilingi kumi,10 Kenyan shillings,money,Kenya,informal/sheng,Project curated candidate,curated_candidate,candidate_lexical_fact_original_examples,conditional,conditional,needs_native_review,0.60,
L00081,C0044,S00081,V0032,das,ten shillings,shilingi kumi,10 Kenyan shillings,money,Kenya,informal/sheng,Project curated candidate,curated_candidate,candidate_lexical_fact_original_examples,conditional,conditional,needs_native_review,0.60,
L00082,C0045,S00082,V0033,mathree,matatu,matatu,matatu / public minibus,transport,Kenya,informal/sheng,Project curated candidate,curated_candidate,candidate_lexical_fact_original_examples,conditional,conditional,needs_native_review,0.60,
L00083,C0045,S00083,V0033,mat,matatu,matatu,matatu / public minibus,transport,Kenya,informal/sheng,Project curated candidate,curated_candidate,candidate_lexical_fact_original_examples,conditional,conditional,needs_native_review,0.60,
L00084,C0045,S00084,V0033,jive,matatu,matatu,matatu / public minibus,transport,Kenya,informal/sheng,Project curated candidate,curated_candidate,candidate_lexical_fact_original_examples,conditional,conditional,needs_native_review,0.60,
L00085,C0045,S00085,V0033,jav,matatu,matatu,matatu / public minibus,transport,Kenya,informal/sheng,Project curated candidate,curated_candidate,candidate_lexical_fact_original_examples,conditional,conditional,needs_native_review,0.60,
L00086,C0045,S00086,V0033,buu,matatu,matatu,matatu / public minibus,transport,Kenya,informal/sheng,Project curated candidate,curated_candidate,candidate_lexical_fact_original_examples,conditional,conditional,needs_native_review,0.60,
L00087,C0045,S00087,V0033,nganya,matatu,matatu,matatu / public minibus,transport,Kenya,informal/sheng,Project curated candidate,curated_candidate,candidate_lexical_fact_original_examples,conditional,conditional,needs_native_review,0.60,
L00088,C0046,S00088,V0034,makanga,matatu conductor,kondakta,matatu conductor,transport,Kenya,informal/sheng,Project curated candidate,curated_candidate,candidate_lexical_fact_original_examples,conditional,conditional,needs_native_review,0.60,
L00089,C0046,S00089,V0034,konkodi,matatu conductor,kondakta,matatu conductor,transport,Kenya,informal/sheng,Project curated candidate,curated_candidate,candidate_lexical_fact_original_examples,conditional,conditional,needs_native_review,0.60,
L00090,C0046,S00090,V0034,manumber,matatu conductor,kondakta,matatu conductor,transport,Kenya,informal/sheng,Project curated candidate,curated_candidate,candidate_lexical_fact_original_examples,conditional,conditional,needs_native_review,0.60,
L00091,C0046,S00091,V0034,donda,matatu conductor,kondakta,matatu conductor,transport,Kenya,informal/sheng,Project curated candidate,curated_candidate,candidate_lexical_fact_original_examples,conditional,conditional,needs_native_review,0.60,
L00092,C0047,S00092,V0035,dere,driver,dereva,driver,transport,Kenya,informal/sheng,Project curated candidate,curated_candidate,candidate_lexical_fact_original_examples,conditional,conditional,needs_native_review,0.60,
L00093,C0047,S00093,V0035,deree,driver,dereva,driver,transport,Kenya,informal/sheng,Project curated candidate,curated_candidate,candidate_lexical_fact_original_examples,conditional,conditional,needs_native_review,0.60,
L00094,C0047,S00094,V0035,kigonyi,driver,dereva,driver,transport,Kenya,informal/sheng,Project curated candidate,curated_candidate,candidate_lexical_fact_original_examples,conditional,conditional,needs_native_review,0.60,
L00095,C0047,S00095,V0035,vandere,driver,dereva,driver,transport,Kenya,informal/sheng,Project curated candidate,curated_candidate,candidate_lexical_fact_original_examples,conditional,conditional,needs_native_review,0.60,
L00096,C0048,S00096,V0036,ndai,car,gari,car,transport,Kenya,informal/sheng,Project curated candidate,curated_candidate,candidate_lexical_fact_original_examples,conditional,conditional,needs_native_review,0.60,
L00097,C0049,S00097,V0036,moti,car/vehicle,gari,car / vehicle,transport,Kenya,informal/sheng,Project curated candidate,curated_candidate,candidate_lexical_fact_original_examples,conditional,conditional,needs_native_review,0.60,
L00098,C0050,S00098,V0037,karao,police,polisi,police / police officer,authority,Kenya,informal/sheng,Project curated candidate,curated_candidate,candidate_lexical_fact_original_examples,conditional,conditional,needs_native_review,0.60,
L00099,C0050,S00099,V0037,gova,police,polisi,police / police officer,authority,Kenya,informal/sheng,Project curated candidate,curated_candidate,candidate_lexical_fact_original_examples,conditional,conditional,needs_native_review,0.60,
L00100,C0050,S00100,V0037,sanse,police,polisi,police / police officer,authority,Kenya,informal/sheng,Project curated candidate,curated_candidate,candidate_lexical_fact_original_examples,conditional,conditional,needs_native_review,0.60,
L00101,C0050,S00101,V0037,beast,police,polisi,police / police officer,authority,Kenya,informal/sheng,Project curated candidate,curated_candidate,candidate_lexical_fact_original_examples,conditional,conditional,needs_native_review,0.60,
L00102,C0051,S00102,V0038,afande,officer,afisa,officer,authority,Kenya,informal/sheng,Project curated candidate,curated_candidate,candidate_lexical_fact_original_examples,conditional,conditional,needs_native_review,0.60,
L00103,C0052,S00103,V0039,job,work/job,kazi,work / job,work,Kenya,informal/sheng,Project curated candidate,curated_candidate,candidate_lexical_fact_original_examples,conditional,conditional,needs_native_review,0.60,
L00104,C0053,S00104,V0039,hustle,work/income activity,kazi/biashara,work / hustle,work,Kenya,informal/sheng,Project curated candidate,curated_candidate,candidate_lexical_fact_original_examples,conditional,conditional,needs_native_review,0.60,
L00105,C0054,S00105,V0039,mjengo,construction work/site,ujenzi,construction work / site,work,Kenya,informal/sheng,Project curated candidate,curated_candidate,candidate_lexical_fact_original_examples,conditional,conditional,needs_native_review,0.60,
L00106,C0055,S00106,V0040,campo,campus/university,chuo kikuu,campus / university,education,Kenya,informal/sheng,Project curated candidate,curated_candidate,candidate_lexical_fact_original_examples,conditional,conditional,needs_native_review,0.60,
L00107,C0056,S00107,V0040,uni,university,chuo kikuu,university,education,Kenya,informal/sheng,Project curated candidate,curated_candidate,candidate_lexical_fact_original_examples,conditional,conditional,needs_native_review,0.60,
L00108,C0057,S00108,V0041,primo,primary school,shule ya msingi,primary school,education,Kenya,informal/sheng,Project curated candidate,curated_candidate,candidate_lexical_fact_original_examples,conditional,conditional,needs_native_review,0.60,
L00109,C0058,S00109,V0041,seco,secondary school,shule ya upili,secondary school,education,Kenya,informal/sheng,Project curated candidate,curated_candidate,candidate_lexical_fact_original_examples,conditional,conditional,needs_native_review,0.60,
L00110,C0059,S00110,V0042,msosi,food/meal,chakula,food / meal,food,Kenya,informal/sheng,Project curated candidate,curated_candidate,candidate_lexical_fact_original_examples,conditional,conditional,needs_native_review,0.60,
L00111,C0060,S00111,V0042,chapo,chapati,chapati,chapati,food,Kenya,informal/sheng,Project curated candidate,curated_candidate,candidate_lexical_fact_original_examples,conditional,conditional,needs_native_review,0.60,
L00112,C0061,S00112,V0043,mboch,house help,mfanyakazi wa nyumbani,house help / domestic worker,people,Kenya,informal/sheng,Project curated candidate,curated_candidate,candidate_lexical_fact_original_examples,conditional,conditional,needs_native_review,0.60,
L00113,C0061,S00113,V0043,chinebo,house help,mfanyakazi wa nyumbani,house help / domestic worker,people,Kenya,informal/sheng,Project curated candidate,curated_candidate,candidate_lexical_fact_original_examples,conditional,conditional,needs_native_review,0.60,
L00114,C0062,S00114,V0044,ngoma,music/song,muziki/wimbo,music / song,entertainment,Kenya,informal/sheng,Project curated candidate,curated_candidate,candidate_lexical_fact_original_examples,conditional,conditional,needs_native_review,0.60,
L00115,C0063,S00115,V0044,ngoma,drum,ngoma,drum,objects,Kenya,informal/sheng,Project curated candidate,curated_candidate,candidate_lexical_fact_original_examples,conditional,conditional,needs_native_review,0.60,
L00116,C0064,S00116,V0045,mahewa,music,muziki,music,entertainment,Kenya,informal/sheng,Project curated candidate,curated_candidate,candidate_lexical_fact_original_examples,conditional,conditional,needs_native_review,0.60,
L00117,C0065,S00117,V0046,bash,party,sherehe,party,entertainment,Kenya,informal/sheng,Project curated candidate,curated_candidate,candidate_lexical_fact_original_examples,conditional,conditional,needs_native_review,0.60,
L00118,C0066,S00118,V0046,dunda,party/dance,cheza/sherehe,party / dance,entertainment,Kenya,informal/sheng,Project curated candidate,curated_candidate,candidate_lexical_fact_original_examples,conditional,conditional,needs_native_review,0.60,
L00119,C0067,S00119,V0047,sota,be broke,kukosa pesa,be broke / run out of money,money,Kenya,informal/sheng,Project curated candidate,curated_candidate,candidate_lexical_fact_original_examples,conditional,conditional,needs_native_review,0.60,
L00120,C0067,S00120,V0047,kauka,be broke,kukosa pesa,be broke / run out of money,money,Kenya,informal/sheng,Project curated candidate,curated_candidate,candidate_lexical_fact_original_examples,conditional,conditional,needs_native_review,0.60,
L00121,C0067,S00121,V0047,chupri,be broke,kukosa pesa,be broke,money,Kenya,informal/sheng,Project curated candidate,curated_candidate,candidate_lexical_fact_original_examples,conditional,conditional,needs_native_review,0.60,
L00122,C0068,S00122,V0048,msoto,poor/broke person,maskini,poor / broke person,money,Kenya,informal/sheng,Project curated candidate,curated_candidate,candidate_lexical_fact_original_examples,conditional,conditional,needs_native_review,0.60,
L00123,C0069,S00123,V0049,mdosi,boss/rich person,bosi/tajiri,boss / rich person,people,Kenya,informal/sheng,Project curated candidate,curated_candidate,candidate_lexical_fact_original_examples,conditional,conditional,needs_native_review,0.60,
L00124,C0070,S00124,V0049,sonko,rich person/boss,tajiri/bosi,rich person / boss,people,Kenya,informal/sheng,Project curated candidate,curated_candidate,candidate_lexical_fact_original_examples,conditional,conditional,needs_native_review,0.60,
L00125,C0071,S00125,V0050,sos,rich person,tajiri,rich person,people,Kenya,informal/sheng,Project curated candidate,curated_candidate,candidate_lexical_fact_original_examples,conditional,conditional,needs_native_review,0.60,
L00126,C0072,S00126,V0051,bazu,boss/important person,bosi/mtu muhimu,boss / important person,people,Kenya,informal/sheng,Project curated candidate,curated_candidate,candidate_lexical_fact_original_examples,conditional,conditional,needs_native_review,0.60,
L00127,C0073,S00127,V0052,ishia,go/leave,enda,go / leave,actions,Kenya,informal/sheng,Project curated candidate,curated_candidate,candidate_lexical_fact_original_examples,conditional,conditional,needs_native_review,0.60,
L00128,C0074,S00128,V0053,kam,come,kuja,come,actions,Kenya,informal/sheng,Project curated candidate,curated_candidate,candidate_lexical_fact_original_examples,conditional,conditional,needs_native_review,0.60,
L00129,C0075,S00129,V0054,buy,buy,nunua,buy,actions,Kenya,informal/sheng,Project curated candidate,curated_candidate,candidate_lexical_fact_original_examples,conditional,conditional,needs_native_review,0.60,
L00130,C0076,S00130,V0055,chill,relax/stay,pumzika/kaa,relax / stay,actions,Kenya,informal/sheng,Project curated candidate,curated_candidate,candidate_lexical_fact_original_examples,conditional,conditional,needs_native_review,0.60,
L00131,C0077,S00131,V0056,hepa,run away/leave quickly,toroka/ondoka,run away / leave quickly,actions,Kenya,informal/sheng,Project curated candidate,curated_candidate,candidate_lexical_fact_original_examples,conditional,conditional,needs_native_review,0.60,
L00132,C0078,S00132,V0057,bamba,enjoy/impress,furahisha,enjoy / impress,actions,Kenya,informal/sheng,Project curated candidate,curated_candidate,candidate_lexical_fact_original_examples,conditional,conditional,needs_native_review,0.60,
L00133,C0079,S00133,V0058,bamba rada,enjoy the vibe,furahia hali,enjoy the vibe,entertainment,Kenya,informal/sheng,Project curated candidate,curated_candidate,candidate_lexical_fact_original_examples,conditional,conditional,needs_native_review,0.60,
L00134,C0080,S00134,V0059,mbota,watch,saa,watch,objects,Kenya,informal/sheng,Project curated candidate,curated_candidate,candidate_lexical_fact_original_examples,conditional,conditional,needs_native_review,0.60,
L00135,C0080,S00135,V0059,wochi,watch,saa,watch,objects,Kenya,informal/sheng,Project curated candidate,curated_candidate,candidate_lexical_fact_original_examples,conditional,conditional,needs_native_review,0.60,
L00136,C0081,S00136,V0060,mbwenya,coat/jacket,koti,coat / jacket,objects,Kenya,informal/sheng,Project curated candidate,curated_candidate,candidate_lexical_fact_original_examples,conditional,conditional,needs_native_review,0.60,
L00137,C0081,S00137,V0060,jako,coat/jacket,koti,coat / jacket,objects,Kenya,informal/sheng,Project curated candidate,curated_candidate,candidate_lexical_fact_original_examples,conditional,conditional,needs_native_review,0.60,
L00138,C0082,S00138,V0061,fegi,cigarette,sigara,cigarette,objects,Kenya,informal/sheng,Project curated candidate,curated_candidate,candidate_lexical_fact_original_examples,conditional,conditional,needs_native_review,0.60,
L00139,C0082,S00139,V0061,mozo,cigarette,sigara,cigarette,objects,Kenya,informal/sheng,Project curated candidate,curated_candidate,candidate_lexical_fact_original_examples,conditional,conditional,needs_native_review,0.60,
L00140,C0082,S00140,V0061,ngale,cigarette,sigara,cigarette,objects,Kenya,informal/sheng,Project curated candidate,curated_candidate,candidate_lexical_fact_original_examples,conditional,conditional,needs_native_review,0.60,
L00141,C0082,S00141,V0061,fuaka,cigarette,sigara,cigarette,objects,Kenya,informal/sheng,Project curated candidate,curated_candidate,candidate_lexical_fact_original_examples,conditional,conditional,needs_native_review,0.60,
L00142,C0083,S00142,V0062,ngwai,cannabis/bhang,bangi,cannabis / bhang,substances,Kenya,informal/sheng,Project curated candidate,curated_candidate,candidate_lexical_fact_original_examples,conditional,conditional,needs_native_review,0.60,
L00143,C0083,S00143,V0062,ndom,cannabis/bhang,bangi,cannabis / bhang,substances,Kenya,informal/sheng,Project curated candidate,curated_candidate,candidate_lexical_fact_original_examples,conditional,conditional,needs_native_review,0.60,
L00144,C0083,S00144,V0062,shada,cannabis/bhang,bangi,cannabis / bhang,substances,Kenya,informal/sheng,Project curated candidate,curated_candidate,candidate_lexical_fact_original_examples,conditional,conditional,needs_native_review,0.60,
L00145,C0083,S00145,V0062,rairai,cannabis/bhang,bangi,cannabis / bhang,substances,Kenya,informal/sheng,Project curated candidate,curated_candidate,candidate_lexical_fact_original_examples,conditional,conditional,needs_native_review,0.60,
L00146,C0007,S00146,V0004,njaaro,plan,mpango,plan,conversation,Kenya,informal/sheng,Project curated candidate,curated_candidate,candidate_lexical_fact_original_examples,conditional,conditional,needs_native_review,0.60,
L00147,C0007,S00147,V0004,mchoro,plan,mpango,plan / scheme,conversation,Kenya,informal/sheng,Project curated candidate,curated_candidate,candidate_lexical_fact_original_examples,conditional,conditional,needs_native_review,0.60,
L00148,C0084,S00148,V0063,dhafu,mathematics,hisabati,mathematics,education,Kenya,informal/sheng,Project curated candidate,curated_candidate,candidate_lexical_fact_original_examples,conditional,conditional,needs_native_review,0.60,
L00149,C0084,S00149,V0063,githafu,mathematics,hisabati,mathematics,education,Kenya,informal/sheng,Project curated candidate,curated_candidate,candidate_lexical_fact_original_examples,conditional,conditional,needs_native_review,0.60,
L00150,C0084,S00150,V0063,madhafu,mathematics,hisabati,mathematics,education,Kenya,informal/sheng,Project curated candidate,curated_candidate,candidate_lexical_fact_original_examples,conditional,conditional,needs_native_review,0.60,
L00151,C0084,S00151,V0063,mao,mathematics,hisabati,mathematics,education,Kenya,informal/sheng,Project curated candidate,curated_candidate,candidate_lexical_fact_original_examples,conditional,conditional,needs_native_review,0.60,
L00152,C0038,S00152,V0064,zii,no,hapana,no,conversation,Kenya,informal/sheng,Project curated candidate,curated_candidate,candidate_lexical_fact_original_examples,conditional,conditional,needs_native_review,0.60,
L00153,C0038,S00153,V0064,nada,no,hapana,no,conversation,Kenya,informal/sheng,Project curated candidate,curated_candidate,candidate_lexical_fact_original_examples,conditional,conditional,needs_native_review,0.60,
L00154,C0038,S00154,V0064,nah,no,hapana,no,conversation,Kenya,informal/sheng,Project curated candidate,curated_candidate,candidate_lexical_fact_original_examples,conditional,conditional,needs_native_review,0.60,
L00155,C0085,S00155,V0065,noma,intense/cool,kali,intense / cool,quality,Kenya,informal/sheng,Project curated candidate,curated_candidate,candidate_lexical_fact_original_examples,conditional,conditional,needs_native_review,0.60,
L00156,C0086,S00156,V0065,noma,problem/trouble,tatizo,problem / trouble,conversation,Kenya,informal/sheng,Project curated candidate,curated_candidate,candidate_lexical_fact_original_examples,conditional,conditional,needs_native_review,0.60,
L00157,C0087,S00157,V0066,kali,great/intense,nzuri/kali,great / intense,quality,Kenya,informal/sheng,Project curated candidate,curated_candidate,candidate_lexical_fact_original_examples,conditional,conditional,needs_native_review,0.60,
L00158,C0088,S00158,V0067,story,matter/story,jambo/hadithi,matter / story,conversation,Kenya,informal/sheng,Project curated candidate,curated_candidate,candidate_lexical_fact_original_examples,conditional,conditional,needs_native_review,0.60,
L00159,C0089,S00159,V0068,issue,problem/matter,tatizo/jambo,problem / matter,conversation,Kenya,informal/sheng,Project curated candidate,curated_candidate,candidate_lexical_fact_original_examples,conditional,conditional,needs_native_review,0.60,
L00160,C0090,S00160,V0069,scene,situation/place,hali/eneo,situation / scene,conversation,Kenya,informal/sheng,Project curated candidate,curated_candidate,candidate_lexical_fact_original_examples,conditional,conditional,needs_native_review,0.60,
L00161,C0091,S00161,V0070,vibe,mood/atmosphere,hali,vibe / atmosphere,conversation,Kenya,informal/sheng,Project curated candidate,curated_candidate,candidate_lexical_fact_original_examples,conditional,conditional,needs_native_review,0.60,
L00162,C0092,S00162,V0071,Mungu,God,Mungu,God,religion,Kenya,religious / conversational / code-switched,Sheng AI Bible terminology candidate set,project_curated_candidate,original_terminology_annotation,yes_after_native_and_theological_review,yes_after_native_and_theological_review,needs_native_and_theological_review,0.55,Candidate forms; 'Jah' is informal/borrowed and requires community/theological review.
L00163,C0092,S00163,V0071,God,God,Mungu,God,religion,Kenya,religious / conversational / code-switched,Sheng AI Bible terminology candidate set,project_curated_candidate,original_terminology_annotation,yes_after_native_and_theological_review,yes_after_native_and_theological_review,needs_native_and_theological_review,0.55,Candidate forms; 'Jah' is informal/borrowed and requires community/theological review.
L00164,C0092,S00164,V0071,Mola,God,Mungu,God,religion,Kenya,religious / conversational / code-switched,Sheng AI Bible terminology candidate set,project_curated_candidate,original_terminology_annotation,yes_after_native_and_theological_review,yes_after_native_and_theological_review,needs_native_and_theological_review,0.55,Candidate forms; 'Jah' is informal/borrowed and requires community/theological review.
L00165,C0092,S00165,V0071,Jah,God,Mungu,God,religion,Kenya,religious / conversational / code-switched,Sheng AI Bible terminology candidate set,project_curated_candidate,original_terminology_annotation,yes_after_native_and_theological_review,yes_after_native_and_theological_review,needs_native_and_theological_review,0.55,Candidate forms; 'Jah' is informal/borrowed and requires community/theological review.
L00166,C0093,S00166,V0072,amen,Amen,Amina,amen,religion,Kenya,religious / conversational / code-switched,Sheng AI Bible terminology candidate set,project_curated_candidate,original_terminology_annotation,yes_after_native_and_theological_review,yes_after_native_and_theological_review,needs_native_and_theological_review,0.55,Liturgical form; verify preferred Sheng usage.
L00167,C0093,S00167,V0072,amina,Amen,Amina,amen,religion,Kenya,religious / conversational / code-switched,Sheng AI Bible terminology candidate set,project_curated_candidate,original_terminology_annotation,yes_after_native_and_theological_review,yes_after_native_and_theological_review,needs_native_and_theological_review,0.55,Liturgical form; verify preferred Sheng usage.
L00168,C0094,S00168,V0073,umba,create,umba,create,religion,Kenya,religious / conversational / code-switched,Sheng AI Bible terminology candidate set,project_curated_candidate,original_terminology_annotation,yes_after_native_and_theological_review,yes_after_native_and_theological_review,needs_native_and_theological_review,0.55,Verb; retain both Swahili and English code-switch candidates.
L00169,C0094,S00169,V0073,create,create,umba,create,religion,Kenya,religious / conversational / code-switched,Sheng AI Bible terminology candidate set,project_curated_candidate,original_terminology_annotation,yes_after_native_and_theological_review,yes_after_native_and_theological_review,needs_native_and_theological_review,0.55,Verb; retain both Swahili and English code-switch candidates.
L00170,C0095,S00170,V0074,uumbaji,creation,uumbaji,creation,religion,Kenya,religious / conversational / code-switched,Sheng AI Bible terminology candidate set,project_curated_candidate,original_terminology_annotation,yes_after_native_and_theological_review,yes_after_native_and_theological_review,needs_native_and_theological_review,0.55,Concept noun; theological review required.
L00171,C0095,S00171,V0074,creation,creation,uumbaji,creation,religion,Kenya,religious / conversational / code-switched,Sheng AI Bible terminology candidate set,project_curated_candidate,original_terminology_annotation,yes_after_native_and_theological_review,yes_after_native_and_theological_review,needs_native_and_theological_review,0.55,Concept noun; theological review required.
L00172,C0096,S00172,V0075,Muumba,creator,Muumba,creator,religion,Kenya,religious / conversational / code-switched,Sheng AI Bible terminology candidate set,project_curated_candidate,original_terminology_annotation,yes_after_native_and_theological_review,yes_after_native_and_theological_review,needs_native_and_theological_review,0.55,Divine-title usage requires theological review.
L00173,C0096,S00173,V0075,Creator,creator,Muumba,creator,religion,Kenya,religious / conversational / code-switched,Sheng AI Bible terminology candidate set,project_curated_candidate,original_terminology_annotation,yes_after_native_and_theological_review,yes_after_native_and_theological_review,needs_native_and_theological_review,0.55,Divine-title usage requires theological review.
L00174,C0097,S00174,V0076,omba,pray,omba,pray,religion,Kenya,religious / conversational / code-switched,Sheng AI Bible terminology candidate set,project_curated_candidate,original_terminology_annotation,yes_after_native_and_theological_review,yes_after_native_and_theological_review,needs_native_and_theological_review,0.55,Verb.
L00175,C0097,S00175,V0076,pray,pray,omba,pray,religion,Kenya,religious / conversational / code-switched,Sheng AI Bible terminology candidate set,project_curated_candidate,original_terminology_annotation,yes_after_native_and_theological_review,yes_after_native_and_theological_review,needs_native_and_theological_review,0.55,Verb.
L00176,C0098,S00176,V0077,sala,prayer,sala/maombi,prayer,religion,Kenya,religious / conversational / code-switched,Sheng AI Bible terminology candidate set,project_curated_candidate,original_terminology_annotation,yes_after_native_and_theological_review,yes_after_native_and_theological_review,needs_native_and_theological_review,0.55,Multiple common forms; context distinguishes prayer act/content.
L00177,C0098,S00177,V0077,maombi,prayer,sala/maombi,prayer,religion,Kenya,religious / conversational / code-switched,Sheng AI Bible terminology candidate set,project_curated_candidate,original_terminology_annotation,yes_after_native_and_theological_review,yes_after_native_and_theological_review,needs_native_and_theological_review,0.55,Multiple common forms; context distinguishes prayer act/content.
L00178,C0098,S00178,V0077,prayer,prayer,sala/maombi,prayer,religion,Kenya,religious / conversational / code-switched,Sheng AI Bible terminology candidate set,project_curated_candidate,original_terminology_annotation,yes_after_native_and_theological_review,yes_after_native_and_theological_review,needs_native_and_theological_review,0.55,Multiple common forms; context distinguishes prayer act/content.
L00179,C0099,S00179,V0078,imani,faith,imani,faith,religion,Kenya,religious / conversational / code-switched,Sheng AI Bible terminology candidate set,project_curated_candidate,original_terminology_annotation,yes_after_native_and_theological_review,yes_after_native_and_theological_review,needs_native_and_theological_review,0.55,
L00180,C0099,S00180,V0078,faith,faith,imani,faith,religion,Kenya,religious / conversational / code-switched,Sheng AI Bible terminology candidate set,project_curated_candidate,original_terminology_annotation,yes_after_native_and_theological_review,yes_after_native_and_theological_review,needs_native_and_theological_review,0.55,
L00181,C0100,S00181,V0079,amini,believe,amini,believe,religion,Kenya,religious / conversational / code-switched,Sheng AI Bible terminology candidate set,project_curated_candidate,original_terminology_annotation,yes_after_native_and_theological_review,yes_after_native_and_theological_review,needs_native_and_theological_review,0.55,
L00182,C0100,S00182,V0079,believe,believe,amini,believe,religion,Kenya,religious / conversational / code-switched,Sheng AI Bible terminology candidate set,project_curated_candidate,original_terminology_annotation,yes_after_native_and_theological_review,yes_after_native_and_theological_review,needs_native_and_theological_review,0.55,
L00183,C0101,S00183,V0080,neema,grace,neema,grace,religion,Kenya,religious / conversational / code-switched,Sheng AI Bible terminology candidate set,project_curated_candidate,original_terminology_annotation,yes_after_native_and_theological_review,yes_after_native_and_theological_review,needs_native_and_theological_review,0.55,
L00184,C0101,S00184,V0080,grace,grace,neema,grace,religion,Kenya,religious / conversational / code-switched,Sheng AI Bible terminology candidate set,project_curated_candidate,original_terminology_annotation,yes_after_native_and_theological_review,yes_after_native_and_theological_review,needs_native_and_theological_review,0.55,
L00185,C0102,S00185,V0081,rehema,mercy,rehema,mercy,religion,Kenya,religious / conversational / code-switched,Sheng AI Bible terminology candidate set,project_curated_candidate,original_terminology_annotation,yes_after_native_and_theological_review,yes_after_native_and_theological_review,needs_native_and_theological_review,0.55,
L00186,C0102,S00186,V0081,mercy,mercy,rehema,mercy,religion,Kenya,religious / conversational / code-switched,Sheng AI Bible terminology candidate set,project_curated_candidate,original_terminology_annotation,yes_after_native_and_theological_review,yes_after_native_and_theological_review,needs_native_and_theological_review,0.55,
L00187,C0103,S00187,V0082,dhambi,sin,dhambi,sin,religion,Kenya,religious / conversational / code-switched,Sheng AI Bible terminology candidate set,project_curated_candidate,original_terminology_annotation,yes_after_native_and_theological_review,yes_after_native_and_theological_review,needs_native_and_theological_review,0.55,
L00188,C0103,S00188,V0082,sin,sin,dhambi,sin,religion,Kenya,religious / conversational / code-switched,Sheng AI Bible terminology candidate set,project_curated_candidate,original_terminology_annotation,yes_after_native_and_theological_review,yes_after_native_and_theological_review,needs_native_and_theological_review,0.55,
L00189,C0104,S00189,V0083,mwenye dhambi,sinner,mwenye dhambi,sinner,religion,Kenya,religious / conversational / code-switched,Sheng AI Bible terminology candidate set,project_curated_candidate,original_terminology_annotation,yes_after_native_and_theological_review,yes_after_native_and_theological_review,needs_native_and_theological_review,0.55,
L00190,C0104,S00190,V0083,sinner,sinner,mwenye dhambi,sinner,religion,Kenya,religious / conversational / code-switched,Sheng AI Bible terminology candidate set,project_curated_candidate,original_terminology_annotation,yes_after_native_and_theological_review,yes_after_native_and_theological_review,needs_native_and_theological_review,0.55,
L00191,C0105,S00191,V0084,samehe,forgive,samehe,forgive,religion,Kenya,religious / conversational / code-switched,Sheng AI Bible terminology candidate set,project_curated_candidate,original_terminology_annotation,yes_after_native_and_theological_review,yes_after_native_and_theological_review,needs_native_and_theological_review,0.55,
L00192,C0105,S00192,V0084,forgive,forgive,samehe,forgive,religion,Kenya,religious / conversational / code-switched,Sheng AI Bible terminology candidate set,project_curated_candidate,original_terminology_annotation,yes_after_native_and_theological_review,yes_after_native_and_theological_review,needs_native_and_theological_review,0.55,
L00193,C0106,S00193,V0085,msamaha,forgiveness,msamaha,forgiveness,religion,Kenya,religious / conversational / code-switched,Sheng AI Bible terminology candidate set,project_curated_candidate,original_terminology_annotation,yes_after_native_and_theological_review,yes_after_native_and_theological_review,needs_native_and_theological_review,0.55,
L00194,C0106,S00194,V0085,forgiveness,forgiveness,msamaha,forgiveness,religion,Kenya,religious / conversational / code-switched,Sheng AI Bible terminology candidate set,project_curated_candidate,original_terminology_annotation,yes_after_native_and_theological_review,yes_after_native_and_theological_review,needs_native_and_theological_review,0.55,
L00195,C0107,S00195,V0086,okoa,save,okoa,save,religion,Kenya,religious / conversational / code-switched,Sheng AI Bible terminology candidate set,project_curated_candidate,original_terminology_annotation,yes_after_native_and_theological_review,yes_after_native_and_theological_review,needs_native_and_theological_review,0.55,Religious salvation sense; keep separate from ordinary rescue/save senses.
L00196,C0107,S00196,V0086,save,save,okoa,save,religion,Kenya,religious / conversational / code-switched,Sheng AI Bible terminology candidate set,project_curated_candidate,original_terminology_annotation,yes_after_native_and_theological_review,yes_after_native_and_theological_review,needs_native_and_theological_review,0.55,Religious salvation sense; keep separate from ordinary rescue/save senses.
L00197,C0108,S00197,V0087,wokovu,salvation,wokovu,salvation,religion,Kenya,religious / conversational / code-switched,Sheng AI Bible terminology candidate set,project_curated_candidate,original_terminology_annotation,yes_after_native_and_theological_review,yes_after_native_and_theological_review,needs_native_and_theological_review,0.55,
L00198,C0108,S00198,V0087,salvation,salvation,wokovu,salvation,religion,Kenya,religious / conversational / code-switched,Sheng AI Bible terminology candidate set,project_curated_candidate,original_terminology_annotation,yes_after_native_and_theological_review,yes_after_native_and_theological_review,needs_native_and_theological_review,0.55,
L00199,C0109,S00199,V0088,komboa,redeem,komboa,redeem,religion,Kenya,religious / conversational / code-switched,Sheng AI Bible terminology candidate set,project_curated_candidate,original_terminology_annotation,yes_after_native_and_theological_review,yes_after_native_and_theological_review,needs_native_and_theological_review,0.55,
L00200,C0109,S00200,V0088,redeem,redeem,komboa,redeem,religion,Kenya,religious / conversational / code-switched,Sheng AI Bible terminology candidate set,project_curated_candidate,original_terminology_annotation,yes_after_native_and_theological_review,yes_after_native_and_theological_review,needs_native_and_theological_review,0.55,
L00201,C0110,S00201,V0089,ukombozi,redemption,ukombozi,redemption,religion,Kenya,religious / conversational / code-switched,Sheng AI Bible terminology candidate set,project_curated_candidate,original_terminology_annotation,yes_after_native_and_theological_review,yes_after_native_and_theological_review,needs_native_and_theological_review,0.55,
L00202,C0110,S00202,V0089,redemption,redemption,ukombozi,redemption,religion,Kenya,religious / conversational / code-switched,Sheng AI Bible terminology candidate set,project_curated_candidate,original_terminology_annotation,yes_after_native_and_theological_review,yes_after_native_and_theological_review,needs_native_and_theological_review,0.55,
L00203,C0111,S00203,V0090,Yesu,Jesus,Yesu,Jesus,religion,Kenya,religious / conversational / code-switched,Sheng AI Bible terminology candidate set,project_curated_candidate,original_terminology_annotation,yes_after_native_and_theological_review,yes_after_native_and_theological_review,needs_native_and_theological_review,0.55,
L00204,C0111,S00204,V0090,Jesus,Jesus,Yesu,Jesus,religion,Kenya,religious / conversational / code-switched,Sheng AI Bible terminology candidate set,project_curated_candidate,original_terminology_annotation,yes_after_native_and_theological_review,yes_after_native_and_theological_review,needs_native_and_theological_review,0.55,
L00205,C0112,S00205,V0091,Kristo,Christ,Kristo,Christ,religion,Kenya,religious / conversational / code-switched,Sheng AI Bible terminology candidate set,project_curated_candidate,original_terminology_annotation,yes_after_native_and_theological_review,yes_after_native_and_theological_review,needs_native_and_theological_review,0.55,
L00206,C0112,S00206,V0091,Christ,Christ,Kristo,Christ,religion,Kenya,religious / conversational / code-switched,Sheng AI Bible terminology candidate set,project_curated_candidate,original_terminology_annotation,yes_after_native_and_theological_review,yes_after_native_and_theological_review,needs_native_and_theological_review,0.55,
L00207,C0113,S00207,V0092,Masihi,Messiah,Masihi,Messiah,religion,Kenya,religious / conversational / code-switched,Sheng AI Bible terminology candidate set,project_curated_candidate,original_terminology_annotation,yes_after_native_and_theological_review,yes_after_native_and_theological_review,needs_native_and_theological_review,0.55,
L00208,C0113,S00208,V0092,Messiah,Messiah,Masihi,Messiah,religion,Kenya,religious / conversational / code-switched,Sheng AI Bible terminology candidate set,project_curated_candidate,original_terminology_annotation,yes_after_native_and_theological_review,yes_after_native_and_theological_review,needs_native_and_theological_review,0.55,
L00209,C0114,S00209,V0093,Roho Mtakatifu,Holy Spirit,Roho Mtakatifu,Holy Spirit,religion,Kenya,religious / conversational / code-switched,Sheng AI Bible terminology candidate set,project_curated_candidate,original_terminology_annotation,yes_after_native_and_theological_review,yes_after_native_and_theological_review,needs_native_and_theological_review,0.55,
L00210,C0114,S00210,V0093,Holy Spirit,Holy Spirit,Roho Mtakatifu,Holy Spirit,religion,Kenya,religious / conversational / code-switched,Sheng AI Bible terminology candidate set,project_curated_candidate,original_terminology_annotation,yes_after_native_and_theological_review,yes_after_native_and_theological_review,needs_native_and_theological_review,0.55,
L00211,C0115,S00211,V0094,roho,Spirit,roho,spirit,religion,Kenya,religious / conversational / code-switched,Sheng AI Bible terminology candidate set,project_curated_candidate,original_terminology_annotation,yes_after_native_and_theological_review,yes_after_native_and_theological_review,needs_native_and_theological_review,0.55,May have non-religious senses; future polysemy rows recommended.
L00212,C0115,S00212,V0094,spirit,Spirit,roho,spirit,religion,Kenya,religious / conversational / code-switched,Sheng AI Bible terminology candidate set,project_curated_candidate,original_terminology_annotation,yes_after_native_and_theological_review,yes_after_native_and_theological_review,needs_native_and_theological_review,0.55,May have non-religious senses; future polysemy rows recommended.
L00213,C0116,S00213,V0095,kanisa,church,kanisa,church,religion,Kenya,religious / conversational / code-switched,Sheng AI Bible terminology candidate set,project_curated_candidate,original_terminology_annotation,yes_after_native_and_theological_review,yes_after_native_and_theological_review,needs_native_and_theological_review,0.55,
L00214,C0116,S00214,V0095,church,church,kanisa,church,religion,Kenya,religious / conversational / code-switched,Sheng AI Bible terminology candidate set,project_curated_candidate,original_terminology_annotation,yes_after_native_and_theological_review,yes_after_native_and_theological_review,needs_native_and_theological_review,0.55,
L00215,C0117,S00215,V0096,Biblia,Bible,Biblia,Bible,religion,Kenya,religious / conversational / code-switched,Sheng AI Bible terminology candidate set,project_curated_candidate,original_terminology_annotation,yes_after_native_and_theological_review,yes_after_native_and_theological_review,needs_native_and_theological_review,0.55,
L00216,C0117,S00216,V0096,Bible,Bible,Biblia,Bible,religion,Kenya,religious / conversational / code-switched,Sheng AI Bible terminology candidate set,project_curated_candidate,original_terminology_annotation,yes_after_native_and_theological_review,yes_after_native_and_theological_review,needs_native_and_theological_review,0.55,
L00217,C0118,S00217,V0097,Maandiko,Scripture,Maandiko,Scripture,religion,Kenya,religious / conversational / code-switched,Sheng AI Bible terminology candidate set,project_curated_candidate,original_terminology_annotation,yes_after_native_and_theological_review,yes_after_native_and_theological_review,needs_native_and_theological_review,0.55,
L00218,C0118,S00218,V0097,Scripture,Scripture,Maandiko,Scripture,religion,Kenya,religious / conversational / code-switched,Sheng AI Bible terminology candidate set,project_curated_candidate,original_terminology_annotation,yes_after_native_and_theological_review,yes_after_native_and_theological_review,needs_native_and_theological_review,0.55,
L00219,C0119,S00219,V0098,injili,gospel,injili,gospel,religion,Kenya,religious / conversational / code-switched,Sheng AI Bible terminology candidate set,project_curated_candidate,original_terminology_annotation,yes_after_native_and_theological_review,yes_after_native_and_theological_review,needs_native_and_theological_review,0.55,
L00220,C0119,S00220,V0098,gospel,gospel,injili,gospel,religion,Kenya,religious / conversational / code-switched,Sheng AI Bible terminology candidate set,project_curated_candidate,original_terminology_annotation,yes_after_native_and_theological_review,yes_after_native_and_theological_review,needs_native_and_theological_review,0.55,
L00221,C0120,S00221,V0099,habari njema,good news,habari njema,good news,religion,Kenya,religious / conversational / code-switched,Sheng AI Bible terminology candidate set,project_curated_candidate,original_terminology_annotation,yes_after_native_and_theological_review,yes_after_native_and_theological_review,needs_native_and_theological_review,0.55,
L00222,C0120,S00222,V0099,good news,good news,habari njema,good news,religion,Kenya,religious / conversational / code-switched,Sheng AI Bible terminology candidate set,project_curated_candidate,original_terminology_annotation,yes_after_native_and_theological_review,yes_after_native_and_theological_review,needs_native_and_theological_review,0.55,
L00223,C0121,S00223,V0100,abudu,worship,abudu/ibada,worship,religion,Kenya,religious / conversational / code-switched,Sheng AI Bible terminology candidate set,project_curated_candidate,original_terminology_annotation,yes_after_native_and_theological_review,yes_after_native_and_theological_review,needs_native_and_theological_review,0.55,
L00224,C0121,S00224,V0100,ibada,worship,abudu/ibada,worship,religion,Kenya,religious / conversational / code-switched,Sheng AI Bible terminology candidate set,project_curated_candidate,original_terminology_annotation,yes_after_native_and_theological_review,yes_after_native_and_theological_review,needs_native_and_theological_review,0.55,
L00225,C0121,S00225,V0100,worship,worship,abudu/ibada,worship,religion,Kenya,religious / conversational / code-switched,Sheng AI Bible terminology candidate set,project_curated_candidate,original_terminology_annotation,yes_after_native_and_theological_review,yes_after_native_and_theological_review,needs_native_and_theological_review,0.55,
L00226,C0122,S00226,V0101,sifu,praise,sifu/sifa,praise,religion,Kenya,religious / conversational / code-switched,Sheng AI Bible terminology candidate set,project_curated_candidate,original_terminology_annotation,yes_after_native_and_theological_review,yes_after_native_and_theological_review,needs_native_and_theological_review,0.55,
L00227,C0122,S00227,V0101,sifa,praise,sifu/sifa,praise,religion,Kenya,religious / conversational / code-switched,Sheng AI Bible terminology candidate set,project_curated_candidate,original_terminology_annotation,yes_after_native_and_theological_review,yes_after_native_and_theological_review,needs_native_and_theological_review,0.55,
L00228,C0122,S00228,V0101,praise,praise,sifu/sifa,praise,religion,Kenya,religious / conversational / code-switched,Sheng AI Bible terminology candidate set,project_curated_candidate,original_terminology_annotation,yes_after_native_and_theological_review,yes_after_native_and_theological_review,needs_native_and_theological_review,0.55,
L00229,C0123,S00229,V0102,bariki,bless,bariki,bless,religion,Kenya,religious / conversational / code-switched,Sheng AI Bible terminology candidate set,project_curated_candidate,original_terminology_annotation,yes_after_native_and_theological_review,yes_after_native_and_theological_review,needs_native_and_theological_review,0.55,
L00230,C0123,S00230,V0102,bless,bless,bariki,bless,religion,Kenya,religious / conversational / code-switched,Sheng AI Bible terminology candidate set,project_curated_candidate,original_terminology_annotation,yes_after_native_and_theological_review,yes_after_native_and_theological_review,needs_native_and_theological_review,0.55,
L00231,C0124,S00231,V0103,baraka,blessing,baraka,blessing,religion,Kenya,religious / conversational / code-switched,Sheng AI Bible terminology candidate set,project_curated_candidate,original_terminology_annotation,yes_after_native_and_theological_review,yes_after_native_and_theological_review,needs_native_and_theological_review,0.55,
L00232,C0124,S00232,V0103,blessing,blessing,baraka,blessing,religion,Kenya,religious / conversational / code-switched,Sheng AI Bible terminology candidate set,project_curated_candidate,original_terminology_annotation,yes_after_native_and_theological_review,yes_after_native_and_theological_review,needs_native_and_theological_review,0.55,
L00233,C0125,S00233,V0104,mbingu,heaven,mbingu,heaven,religion,Kenya,religious / conversational / code-switched,Sheng AI Bible terminology candidate set,project_curated_candidate,original_terminology_annotation,yes_after_native_and_theological_review,yes_after_native_and_theological_review,needs_native_and_theological_review,0.55,
L00234,C0125,S00234,V0104,heaven,heaven,mbingu,heaven,religion,Kenya,religious / conversational / code-switched,Sheng AI Bible terminology candidate set,project_curated_candidate,original_terminology_annotation,yes_after_native_and_theological_review,yes_after_native_and_theological_review,needs_native_and_theological_review,0.55,
L00235,C0126,S00235,V0105,jehanamu,hell,jehanamu,hell,religion,Kenya,religious / conversational / code-switched,Sheng AI Bible terminology candidate set,project_curated_candidate,original_terminology_annotation,yes_after_native_and_theological_review,yes_after_native_and_theological_review,needs_native_and_theological_review,0.55,
L00236,C0126,S00236,V0105,hell,hell,jehanamu,hell,religion,Kenya,religious / conversational / code-switched,Sheng AI Bible terminology candidate set,project_curated_candidate,original_terminology_annotation,yes_after_native_and_theological_review,yes_after_native_and_theological_review,needs_native_and_theological_review,0.55,
L00237,C0127,S00237,V0106,malaika,angel,malaika,angel,religion,Kenya,religious / conversational / code-switched,Sheng AI Bible terminology candidate set,project_curated_candidate,original_terminology_annotation,yes_after_native_and_theological_review,yes_after_native_and_theological_review,needs_native_and_theological_review,0.55,
L00238,C0127,S00238,V0106,angel,angel,malaika,angel,religion,Kenya,religious / conversational / code-switched,Sheng AI Bible terminology candidate set,project_curated_candidate,original_terminology_annotation,yes_after_native_and_theological_review,yes_after_native_and_theological_review,needs_native_and_theological_review,0.55,
L00239,C0128,S00239,V0107,shetani,devil,shetani,devil,religion,Kenya,religious / conversational / code-switched,Sheng AI Bible terminology candidate set,project_curated_candidate,original_terminology_annotation,yes_after_native_and_theological_review,yes_after_native_and_theological_review,needs_native_and_theological_review,0.55,
L00240,C0128,S00240,V0107,devil,devil,shetani,devil,religion,Kenya,religious / conversational / code-switched,Sheng AI Bible terminology candidate set,project_curated_candidate,original_terminology_annotation,yes_after_native_and_theological_review,yes_after_native_and_theological_review,needs_native_and_theological_review,0.55,
L00241,C0129,S00241,V0108,Shetani,Satan,Shetani,Satan,religion,Kenya,religious / conversational / code-switched,Sheng AI Bible terminology candidate set,project_curated_candidate,original_terminology_annotation,yes_after_native_and_theological_review,yes_after_native_and_theological_review,needs_native_and_theological_review,0.55,
L00242,C0129,S00242,V0108,Satan,Satan,Shetani,Satan,religion,Kenya,religious / conversational / code-switched,Sheng AI Bible terminology candidate set,project_curated_candidate,original_terminology_annotation,yes_after_native_and_theological_review,yes_after_native_and_theological_review,needs_native_and_theological_review,0.55,
L00243,C0130,S00243,V0109,pepo,demon,pepo,demon,religion,Kenya,religious / conversational / code-switched,Sheng AI Bible terminology candidate set,project_curated_candidate,original_terminology_annotation,yes_after_native_and_theological_review,yes_after_native_and_theological_review,needs_native_and_theological_review,0.55,Polysemy/context review needed; 'pepo' can have broader meanings.
L00244,C0130,S00244,V0109,demon,demon,pepo,demon,religion,Kenya,religious / conversational / code-switched,Sheng AI Bible terminology candidate set,project_curated_candidate,original_terminology_annotation,yes_after_native_and_theological_review,yes_after_native_and_theological_review,needs_native_and_theological_review,0.55,Polysemy/context review needed; 'pepo' can have broader meanings.
L00245,C0131,S00245,V0110,nabii,prophet,nabii,prophet,religion,Kenya,religious / conversational / code-switched,Sheng AI Bible terminology candidate set,project_curated_candidate,original_terminology_annotation,yes_after_native_and_theological_review,yes_after_native_and_theological_review,needs_native_and_theological_review,0.55,
L00246,C0131,S00246,V0110,prophet,prophet,nabii,prophet,religion,Kenya,religious / conversational / code-switched,Sheng AI Bible terminology candidate set,project_curated_candidate,original_terminology_annotation,yes_after_native_and_theological_review,yes_after_native_and_theological_review,needs_native_and_theological_review,0.55,
L00247,C0132,S00247,V0111,mwanafunzi,disciple,mwanafunzi,disciple,religion,Kenya,religious / conversational / code-switched,Sheng AI Bible terminology candidate set,project_curated_candidate,original_terminology_annotation,yes_after_native_and_theological_review,yes_after_native_and_theological_review,needs_native_and_theological_review,0.55,Keep distinct from general 'student' sense in future sense-tagging.
L00248,C0132,S00248,V0111,disciple,disciple,mwanafunzi,disciple,religion,Kenya,religious / conversational / code-switched,Sheng AI Bible terminology candidate set,project_curated_candidate,original_terminology_annotation,yes_after_native_and_theological_review,yes_after_native_and_theological_review,needs_native_and_theological_review,0.55,Keep distinct from general 'student' sense in future sense-tagging.
L00249,C0133,S00249,V0112,mtume,apostle,mtume,apostle,religion,Kenya,religious / conversational / code-switched,Sheng AI Bible terminology candidate set,project_curated_candidate,original_terminology_annotation,yes_after_native_and_theological_review,yes_after_native_and_theological_review,needs_native_and_theological_review,0.55,
L00250,C0133,S00250,V0112,apostle,apostle,mtume,apostle,religion,Kenya,religious / conversational / code-switched,Sheng AI Bible terminology candidate set,project_curated_candidate,original_terminology_annotation,yes_after_native_and_theological_review,yes_after_native_and_theological_review,needs_native_and_theological_review,0.55,
L00251,C0134,S00251,V0113,mchungaji,pastor,mchungaji,pastor,religion,Kenya,religious / conversational / code-switched,Sheng AI Bible terminology candidate set,project_curated_candidate,original_terminology_annotation,yes_after_native_and_theological_review,yes_after_native_and_theological_review,needs_native_and_theological_review,0.55,
L00252,C0134,S00252,V0113,pastor,pastor,mchungaji,pastor,religion,Kenya,religious / conversational / code-switched,Sheng AI Bible terminology candidate set,project_curated_candidate,original_terminology_annotation,yes_after_native_and_theological_review,yes_after_native_and_theological_review,needs_native_and_theological_review,0.55,
L00253,C0135,S00253,V0114,kuhani,priest,kuhani,priest,religion,Kenya,religious / conversational / code-switched,Sheng AI Bible terminology candidate set,project_curated_candidate,original_terminology_annotation,yes_after_native_and_theological_review,yes_after_native_and_theological_review,needs_native_and_theological_review,0.55,
L00254,C0135,S00254,V0114,priest,priest,kuhani,priest,religion,Kenya,religious / conversational / code-switched,Sheng AI Bible terminology candidate set,project_curated_candidate,original_terminology_annotation,yes_after_native_and_theological_review,yes_after_native_and_theological_review,needs_native_and_theological_review,0.55,
L00255,C0136,S00255,V0115,ufalme,kingdom,ufalme,kingdom,religion,Kenya,religious / conversational / code-switched,Sheng AI Bible terminology candidate set,project_curated_candidate,original_terminology_annotation,yes_after_native_and_theological_review,yes_after_native_and_theological_review,needs_native_and_theological_review,0.55,
L00256,C0136,S00256,V0115,kingdom,kingdom,ufalme,kingdom,religion,Kenya,religious / conversational / code-switched,Sheng AI Bible terminology candidate set,project_curated_candidate,original_terminology_annotation,yes_after_native_and_theological_review,yes_after_native_and_theological_review,needs_native_and_theological_review,0.55,
L00257,C0137,S00257,V0116,Ufalme wa Mungu,Kingdom of God,Ufalme wa Mungu,Kingdom of God,religion,Kenya,religious / conversational / code-switched,Sheng AI Bible terminology candidate set,project_curated_candidate,original_terminology_annotation,yes_after_native_and_theological_review,yes_after_native_and_theological_review,needs_native_and_theological_review,0.55,
L00258,C0137,S00258,V0116,Kingdom of God,Kingdom of God,Ufalme wa Mungu,Kingdom of God,religion,Kenya,religious / conversational / code-switched,Sheng AI Bible terminology candidate set,project_curated_candidate,original_terminology_annotation,yes_after_native_and_theological_review,yes_after_native_and_theological_review,needs_native_and_theological_review,0.55,
L00259,C0138,S00259,V0117,agano,covenant,agano,covenant,religion,Kenya,religious / conversational / code-switched,Sheng AI Bible terminology candidate set,project_curated_candidate,original_terminology_annotation,yes_after_native_and_theological_review,yes_after_native_and_theological_review,needs_native_and_theological_review,0.55,
L00260,C0138,S00260,V0117,covenant,covenant,agano,covenant,religion,Kenya,religious / conversational / code-switched,Sheng AI Bible terminology candidate set,project_curated_candidate,original_terminology_annotation,yes_after_native_and_theological_review,yes_after_native_and_theological_review,needs_native_and_theological_review,0.55,
L00261,C0139,S00261,V0118,amri,commandment,amri,commandment,religion,Kenya,religious / conversational / code-switched,Sheng AI Bible terminology candidate set,project_curated_candidate,original_terminology_annotation,yes_after_native_and_theological_review,yes_after_native_and_theological_review,needs_native_and_theological_review,0.55,
L00262,C0139,S00262,V0118,commandment,commandment,amri,commandment,religion,Kenya,religious / conversational / code-switched,Sheng AI Bible terminology candidate set,project_curated_candidate,original_terminology_annotation,yes_after_native_and_theological_review,yes_after_native_and_theological_review,needs_native_and_theological_review,0.55,
L00263,C0140,S00263,V0119,sheria,law,sheria,law,religion,Kenya,religious / conversational / code-switched,Sheng AI Bible terminology candidate set,project_curated_candidate,original_terminology_annotation,yes_after_native_and_theological_review,yes_after_native_and_theological_review,needs_native_and_theological_review,0.55,Also ordinary legal sense; future polysemy row recommended.
L00264,C0140,S00264,V0119,law,law,sheria,law,religion,Kenya,religious / conversational / code-switched,Sheng AI Bible terminology candidate set,project_curated_candidate,original_terminology_annotation,yes_after_native_and_theological_review,yes_after_native_and_theological_review,needs_native_and_theological_review,0.55,Also ordinary legal sense; future polysemy row recommended.
L00265,C0141,S00265,V0120,kweli,truth,kweli,truth,religion,Kenya,religious / conversational / code-switched,Sheng AI Bible terminology candidate set,project_curated_candidate,original_terminology_annotation,yes_after_native_and_theological_review,yes_after_native_and_theological_review,needs_native_and_theological_review,0.55,
L00266,C0141,S00266,V0120,truth,truth,kweli,truth,religion,Kenya,religious / conversational / code-switched,Sheng AI Bible terminology candidate set,project_curated_candidate,original_terminology_annotation,yes_after_native_and_theological_review,yes_after_native_and_theological_review,needs_native_and_theological_review,0.55,
L00267,C0142,S00267,V0121,nuru,light,nuru,light,religion,Kenya,religious / conversational / code-switched,Sheng AI Bible terminology candidate set,project_curated_candidate,original_terminology_annotation,yes_after_native_and_theological_review,yes_after_native_and_theological_review,needs_native_and_theological_review,0.55,Also physical light sense; future polysemy row recommended.
L00268,C0142,S00268,V0121,light,light,nuru,light,religion,Kenya,religious / conversational / code-switched,Sheng AI Bible terminology candidate set,project_curated_candidate,original_terminology_annotation,yes_after_native_and_theological_review,yes_after_native_and_theological_review,needs_native_and_theological_review,0.55,Also physical light sense; future polysemy row recommended.
L00269,C0143,S00269,V0122,giza,darkness,giza,darkness,religion,Kenya,religious / conversational / code-switched,Sheng AI Bible terminology candidate set,project_curated_candidate,original_terminology_annotation,yes_after_native_and_theological_review,yes_after_native_and_theological_review,needs_native_and_theological_review,0.55,Also ordinary physical darkness sense.
L00270,C0143,S00270,V0122,darkness,darkness,giza,darkness,religion,Kenya,religious / conversational / code-switched,Sheng AI Bible terminology candidate set,project_curated_candidate,original_terminology_annotation,yes_after_native_and_theological_review,yes_after_native_and_theological_review,needs_native_and_theological_review,0.55,Also ordinary physical darkness sense.
L00271,C0144,S00271,V0123,uzima,life,uzima/maisha,life,religion,Kenya,religious / conversational / code-switched,Sheng AI Bible terminology candidate set,project_curated_candidate,original_terminology_annotation,yes_after_native_and_theological_review,yes_after_native_and_theological_review,needs_native_and_theological_review,0.55,Multiple theological/general senses.
L00272,C0144,S00272,V0123,maisha,life,uzima/maisha,life,religion,Kenya,religious / conversational / code-switched,Sheng AI Bible terminology candidate set,project_curated_candidate,original_terminology_annotation,yes_after_native_and_theological_review,yes_after_native_and_theological_review,needs_native_and_theological_review,0.55,Multiple theological/general senses.
L00273,C0144,S00273,V0123,life,life,uzima/maisha,life,religion,Kenya,religious / conversational / code-switched,Sheng AI Bible terminology candidate set,project_curated_candidate,original_terminology_annotation,yes_after_native_and_theological_review,yes_after_native_and_theological_review,needs_native_and_theological_review,0.55,Multiple theological/general senses.
L00274,C0145,S00274,V0124,kifo,death,kifo,death,religion,Kenya,religious / conversational / code-switched,Sheng AI Bible terminology candidate set,project_curated_candidate,original_terminology_annotation,yes_after_native_and_theological_review,yes_after_native_and_theological_review,needs_native_and_theological_review,0.55,
L00275,C0145,S00275,V0124,death,death,kifo,death,religion,Kenya,religious / conversational / code-switched,Sheng AI Bible terminology candidate set,project_curated_candidate,original_terminology_annotation,yes_after_native_and_theological_review,yes_after_native_and_theological_review,needs_native_and_theological_review,0.55,
L00276,C0146,S00276,V0125,uzima wa milele,eternal life,uzima wa milele,eternal life,religion,Kenya,religious / conversational / code-switched,Sheng AI Bible terminology candidate set,project_curated_candidate,original_terminology_annotation,yes_after_native_and_theological_review,yes_after_native_and_theological_review,needs_native_and_theological_review,0.55,
L00277,C0146,S00277,V0125,eternal life,eternal life,uzima wa milele,eternal life,religion,Kenya,religious / conversational / code-switched,Sheng AI Bible terminology candidate set,project_curated_candidate,original_terminology_annotation,yes_after_native_and_theological_review,yes_after_native_and_theological_review,needs_native_and_theological_review,0.55,
L00278,C0147,S00278,V0126,ufufuo,resurrection,ufufuo,resurrection,religion,Kenya,religious / conversational / code-switched,Sheng AI Bible terminology candidate set,project_curated_candidate,original_terminology_annotation,yes_after_native_and_theological_review,yes_after_native_and_theological_review,needs_native_and_theological_review,0.55,
L00279,C0147,S00279,V0126,resurrection,resurrection,ufufuo,resurrection,religion,Kenya,religious / conversational / code-switched,Sheng AI Bible terminology candidate set,project_curated_candidate,original_terminology_annotation,yes_after_native_and_theological_review,yes_after_native_and_theological_review,needs_native_and_theological_review,0.55,
L00280,C0148,S00280,V0127,fufuka,rise again,fufuka,rise again,religion,Kenya,religious / conversational / code-switched,Sheng AI Bible terminology candidate set,project_curated_candidate,original_terminology_annotation,yes_after_native_and_theological_review,yes_after_native_and_theological_review,needs_native_and_theological_review,0.55,
L00281,C0148,S00281,V0127,rise again,rise again,fufuka,rise again,religion,Kenya,religious / conversational / code-switched,Sheng AI Bible terminology candidate set,project_curated_candidate,original_terminology_annotation,yes_after_native_and_theological_review,yes_after_native_and_theological_review,needs_native_and_theological_review,0.55,
L00282,C0149,S00282,V0128,msalaba,cross,msalaba,cross,religion,Kenya,religious / conversational / code-switched,Sheng AI Bible terminology candidate set,project_curated_candidate,original_terminology_annotation,yes_after_native_and_theological_review,yes_after_native_and_theological_review,needs_native_and_theological_review,0.55,
L00283,C0149,S00283,V0128,cross,cross,msalaba,cross,religion,Kenya,religious / conversational / code-switched,Sheng AI Bible terminology candidate set,project_curated_candidate,original_terminology_annotation,yes_after_native_and_theological_review,yes_after_native_and_theological_review,needs_native_and_theological_review,0.55,
L00284,C0150,S00284,V0129,sulubisha,crucify,sulubisha,crucify,religion,Kenya,religious / conversational / code-switched,Sheng AI Bible terminology candidate set,project_curated_candidate,original_terminology_annotation,yes_after_native_and_theological_review,yes_after_native_and_theological_review,needs_native_and_theological_review,0.55,
L00285,C0150,S00285,V0129,crucify,crucify,sulubisha,crucify,religion,Kenya,religious / conversational / code-switched,Sheng AI Bible terminology candidate set,project_curated_candidate,original_terminology_annotation,yes_after_native_and_theological_review,yes_after_native_and_theological_review,needs_native_and_theological_review,0.55,
L00286,C0151,S00286,V0130,batiza,baptize,batiza,baptize,religion,Kenya,religious / conversational / code-switched,Sheng AI Bible terminology candidate set,project_curated_candidate,original_terminology_annotation,yes_after_native_and_theological_review,yes_after_native_and_theological_review,needs_native_and_theological_review,0.55,
L00287,C0151,S00287,V0130,baptize,baptize,batiza,baptize,religion,Kenya,religious / conversational / code-switched,Sheng AI Bible terminology candidate set,project_curated_candidate,original_terminology_annotation,yes_after_native_and_theological_review,yes_after_native_and_theological_review,needs_native_and_theological_review,0.55,
L00288,C0152,S00288,V0131,ubatizo,baptism,ubatizo,baptism,religion,Kenya,religious / conversational / code-switched,Sheng AI Bible terminology candidate set,project_curated_candidate,original_terminology_annotation,yes_after_native_and_theological_review,yes_after_native_and_theological_review,needs_native_and_theological_review,0.55,
L00289,C0152,S00289,V0131,baptism,baptism,ubatizo,baptism,religion,Kenya,religious / conversational / code-switched,Sheng AI Bible terminology candidate set,project_curated_candidate,original_terminology_annotation,yes_after_native_and_theological_review,yes_after_native_and_theological_review,needs_native_and_theological_review,0.55,
L00290,C0153,S00290,V0132,tubu,repent,tubu,repent,religion,Kenya,religious / conversational / code-switched,Sheng AI Bible terminology candidate set,project_curated_candidate,original_terminology_annotation,yes_after_native_and_theological_review,yes_after_native_and_theological_review,needs_native_and_theological_review,0.55,
L00291,C0153,S00291,V0132,repent,repent,tubu,repent,religion,Kenya,religious / conversational / code-switched,Sheng AI Bible terminology candidate set,project_curated_candidate,original_terminology_annotation,yes_after_native_and_theological_review,yes_after_native_and_theological_review,needs_native_and_theological_review,0.55,
L00292,C0154,S00292,V0133,toba,repentance,toba,repentance,religion,Kenya,religious / conversational / code-switched,Sheng AI Bible terminology candidate set,project_curated_candidate,original_terminology_annotation,yes_after_native_and_theological_review,yes_after_native_and_theological_review,needs_native_and_theological_review,0.55,
L00293,C0154,S00293,V0133,repentance,repentance,toba,repentance,religion,Kenya,religious / conversational / code-switched,Sheng AI Bible terminology candidate set,project_curated_candidate,original_terminology_annotation,yes_after_native_and_theological_review,yes_after_native_and_theological_review,needs_native_and_theological_review,0.55,
L00294,C0155,S00294,V0134,jaribu,temptation,jaribu,temptation,religion,Kenya,religious / conversational / code-switched,Sheng AI Bible terminology candidate set,project_curated_candidate,original_terminology_annotation,yes_after_native_and_theological_review,yes_after_native_and_theological_review,needs_native_and_theological_review,0.55,Also general trial/attempt senses; future polysemy needed.
L00295,C0155,S00295,V0134,temptation,temptation,jaribu,temptation,religion,Kenya,religious / conversational / code-switched,Sheng AI Bible terminology candidate set,project_curated_candidate,original_terminology_annotation,yes_after_native_and_theological_review,yes_after_native_and_theological_review,needs_native_and_theological_review,0.55,Also general trial/attempt senses; future polysemy needed.
L00296,C0156,S00296,V0135,jaribu,tempt,jaribu,tempt,religion,Kenya,religious / conversational / code-switched,Sheng AI Bible terminology candidate set,project_curated_candidate,original_terminology_annotation,yes_after_native_and_theological_review,yes_after_native_and_theological_review,needs_native_and_theological_review,0.55,Same surface as trial/test in Swahili; semantic disambiguation required.
L00297,C0156,S00297,V0135,tempt,tempt,jaribu,tempt,religion,Kenya,religious / conversational / code-switched,Sheng AI Bible terminology candidate set,project_curated_candidate,original_terminology_annotation,yes_after_native_and_theological_review,yes_after_native_and_theological_review,needs_native_and_theological_review,0.55,Same surface as trial/test in Swahili; semantic disambiguation required.
L00298,C0157,S00298,V0136,jaribu,trial,jaribu,trial/test,religion,Kenya,religious / conversational / code-switched,Sheng AI Bible terminology candidate set,project_curated_candidate,original_terminology_annotation,yes_after_native_and_theological_review,yes_after_native_and_theological_review,needs_native_and_theological_review,0.55,Intentionally separate sense from temptation.
L00299,C0157,S00299,V0136,trial,trial,jaribu,trial/test,religion,Kenya,religious / conversational / code-switched,Sheng AI Bible terminology candidate set,project_curated_candidate,original_terminology_annotation,yes_after_native_and_theological_review,yes_after_native_and_theological_review,needs_native_and_theological_review,0.55,Intentionally separate sense from temptation.
L00300,C0157,S00300,V0136,test,trial,jaribu,trial/test,religion,Kenya,religious / conversational / code-switched,Sheng AI Bible terminology candidate set,project_curated_candidate,original_terminology_annotation,yes_after_native_and_theological_review,yes_after_native_and_theological_review,needs_native_and_theological_review,0.55,Intentionally separate sense from temptation.
L00301,C0158,S00301,V0137,muujiza,miracle,muujiza,miracle,religion,Kenya,religious / conversational / code-switched,Sheng AI Bible terminology candidate set,project_curated_candidate,original_terminology_annotation,yes_after_native_and_theological_review,yes_after_native_and_theological_review,needs_native_and_theological_review,0.55,
L00302,C0158,S00302,V0137,miracle,miracle,muujiza,miracle,religion,Kenya,religious / conversational / code-switched,Sheng AI Bible terminology candidate set,project_curated_candidate,original_terminology_annotation,yes_after_native_and_theological_review,yes_after_native_and_theological_review,needs_native_and_theological_review,0.55,
L00303,C0159,S00303,V0138,ponya,heal,ponya,heal,religion,Kenya,religious / conversational / code-switched,Sheng AI Bible terminology candidate set,project_curated_candidate,original_terminology_annotation,yes_after_native_and_theological_review,yes_after_native_and_theological_review,needs_native_and_theological_review,0.55,
L00304,C0159,S00304,V0138,heal,heal,ponya,heal,religion,Kenya,religious / conversational / code-switched,Sheng AI Bible terminology candidate set,project_curated_candidate,original_terminology_annotation,yes_after_native_and_theological_review,yes_after_native_and_theological_review,needs_native_and_theological_review,0.55,
L00305,C0160,S00305,V0139,uponyaji,healing,uponyaji,healing,religion,Kenya,religious / conversational / code-switched,Sheng AI Bible terminology candidate set,project_curated_candidate,original_terminology_annotation,yes_after_native_and_theological_review,yes_after_native_and_theological_review,needs_native_and_theological_review,0.55,
L00306,C0160,S00306,V0139,healing,healing,uponyaji,healing,religion,Kenya,religious / conversational / code-switched,Sheng AI Bible terminology candidate set,project_curated_candidate,original_terminology_annotation,yes_after_native_and_theological_review,yes_after_native_and_theological_review,needs_native_and_theological_review,0.55,
L00307,C0161,S00307,V0140,upendo,love,upendo,love,religion,Kenya,religious / conversational / code-switched,Sheng AI Bible terminology candidate set,project_curated_candidate,original_terminology_annotation,yes_after_native_and_theological_review,yes_after_native_and_theological_review,needs_native_and_theological_review,0.55,General and theological senses may diverge.
L00308,C0161,S00308,V0140,love,love,upendo,love,religion,Kenya,religious / conversational / code-switched,Sheng AI Bible terminology candidate set,project_curated_candidate,original_terminology_annotation,yes_after_native_and_theological_review,yes_after_native_and_theological_review,needs_native_and_theological_review,0.55,General and theological senses may diverge.
L00309,C0162,S00309,V0141,jirani,neighbor,jirani,neighbor,religion,Kenya,religious / conversational / code-switched,Sheng AI Bible terminology candidate set,project_curated_candidate,original_terminology_annotation,yes_after_native_and_theological_review,yes_after_native_and_theological_review,needs_native_and_theological_review,0.55,
L00310,C0162,S00310,V0141,neighbor,neighbor,jirani,neighbor,religion,Kenya,religious / conversational / code-switched,Sheng AI Bible terminology candidate set,project_curated_candidate,original_terminology_annotation,yes_after_native_and_theological_review,yes_after_native_and_theological_review,needs_native_and_theological_review,0.55,
L00311,C0163,S00311,V0142,adui,enemy,adui,enemy,religion,Kenya,religious / conversational / code-switched,Sheng AI Bible terminology candidate set,project_curated_candidate,original_terminology_annotation,yes_after_native_and_theological_review,yes_after_native_and_theological_review,needs_native_and_theological_review,0.55,
L00312,C0163,S00312,V0142,enemy,enemy,adui,enemy,religion,Kenya,religious / conversational / code-switched,Sheng AI Bible terminology candidate set,project_curated_candidate,original_terminology_annotation,yes_after_native_and_theological_review,yes_after_native_and_theological_review,needs_native_and_theological_review,0.55,
L00313,C0164,S00313,V0143,amani,peace,amani,peace,religion,Kenya,religious / conversational / code-switched,Sheng AI Bible terminology candidate set,project_curated_candidate,original_terminology_annotation,yes_after_native_and_theological_review,yes_after_native_and_theological_review,needs_native_and_theological_review,0.55,
L00314,C0164,S00314,V0143,peace,peace,amani,peace,religion,Kenya,religious / conversational / code-switched,Sheng AI Bible terminology candidate set,project_curated_candidate,original_terminology_annotation,yes_after_native_and_theological_review,yes_after_native_and_theological_review,needs_native_and_theological_review,0.55,
L00315,C0165,S00315,V0144,furaha,joy,furaha,joy,religion,Kenya,religious / conversational / code-switched,Sheng AI Bible terminology candidate set,project_curated_candidate,original_terminology_annotation,yes_after_native_and_theological_review,yes_after_native_and_theological_review,needs_native_and_theological_review,0.55,
L00316,C0165,S00316,V0144,joy,joy,furaha,joy,religion,Kenya,religious / conversational / code-switched,Sheng AI Bible terminology candidate set,project_curated_candidate,original_terminology_annotation,yes_after_native_and_theological_review,yes_after_native_and_theological_review,needs_native_and_theological_review,0.55,
L00317,C0166,S00317,V0145,tumaini,hope,tumaini,hope,religion,Kenya,religious / conversational / code-switched,Sheng AI Bible terminology candidate set,project_curated_candidate,original_terminology_annotation,yes_after_native_and_theological_review,yes_after_native_and_theological_review,needs_native_and_theological_review,0.55,
L00318,C0166,S00318,V0145,hope,hope,tumaini,hope,religion,Kenya,religious / conversational / code-switched,Sheng AI Bible terminology candidate set,project_curated_candidate,original_terminology_annotation,yes_after_native_and_theological_review,yes_after_native_and_theological_review,needs_native_and_theological_review,0.55,
L00319,C0167,S00319,V0146,takatifu,holy,takatifu,holy,religion,Kenya,religious / conversational / code-switched,Sheng AI Bible terminology candidate set,project_curated_candidate,original_terminology_annotation,yes_after_native_and_theological_review,yes_after_native_and_theological_review,needs_native_and_theological_review,0.55,
L00320,C0167,S00320,V0146,holy,holy,takatifu,holy,religion,Kenya,religious / conversational / code-switched,Sheng AI Bible terminology candidate set,project_curated_candidate,original_terminology_annotation,yes_after_native_and_theological_review,yes_after_native_and_theological_review,needs_native_and_theological_review,0.55,
L00321,C0168,S00321,V0147,mwenye haki,righteous,mwenye haki,righteous,religion,Kenya,religious / conversational / code-switched,Sheng AI Bible terminology candidate set,project_curated_candidate,original_terminology_annotation,yes_after_native_and_theological_review,yes_after_native_and_theological_review,needs_native_and_theological_review,0.55,
L00322,C0168,S00322,V0147,righteous,righteous,mwenye haki,righteous,religion,Kenya,religious / conversational / code-switched,Sheng AI Bible terminology candidate set,project_curated_candidate,original_terminology_annotation,yes_after_native_and_theological_review,yes_after_native_and_theological_review,needs_native_and_theological_review,0.55,
L00323,C0169,S00323,V0148,haki,righteousness,haki,righteousness,religion,Kenya,religious / conversational / code-switched,Sheng AI Bible terminology candidate set,project_curated_candidate,original_terminology_annotation,yes_after_native_and_theological_review,yes_after_native_and_theological_review,needs_native_and_theological_review,0.55,Also justice/right sense; theological review.
L00324,C0169,S00324,V0148,righteousness,righteousness,haki,righteousness,religion,Kenya,religious / conversational / code-switched,Sheng AI Bible terminology candidate set,project_curated_candidate,original_terminology_annotation,yes_after_native_and_theological_review,yes_after_native_and_theological_review,needs_native_and_theological_review,0.55,Also justice/right sense; theological review.
L00325,C0170,S00325,V0149,haki,justice,haki,justice,religion,Kenya,religious / conversational / code-switched,Sheng AI Bible terminology candidate set,project_curated_candidate,original_terminology_annotation,yes_after_native_and_theological_review,yes_after_native_and_theological_review,needs_native_and_theological_review,0.55,Intentional polysemy with righteousness.
L00326,C0170,S00326,V0149,justice,justice,haki,justice,religion,Kenya,religious / conversational / code-switched,Sheng AI Bible terminology candidate set,project_curated_candidate,original_terminology_annotation,yes_after_native_and_theological_review,yes_after_native_and_theological_review,needs_native_and_theological_review,0.55,Intentional polysemy with righteousness.
L00327,C0171,S00327,V0150,uovu,evil,uovu,evil,religion,Kenya,religious / conversational / code-switched,Sheng AI Bible terminology candidate set,project_curated_candidate,original_terminology_annotation,yes_after_native_and_theological_review,yes_after_native_and_theological_review,needs_native_and_theological_review,0.55,
L00328,C0171,S00328,V0150,evil,evil,uovu,evil,religion,Kenya,religious / conversational / code-switched,Sheng AI Bible terminology candidate set,project_curated_candidate,original_terminology_annotation,yes_after_native_and_theological_review,yes_after_native_and_theological_review,needs_native_and_theological_review,0.55,
L00329,C0172,S00329,V0151,wema,good,wema,good,religion,Kenya,religious / conversational / code-switched,Sheng AI Bible terminology candidate set,project_curated_candidate,original_terminology_annotation,yes_after_native_and_theological_review,yes_after_native_and_theological_review,needs_native_and_theological_review,0.55,
L00330,C0172,S00330,V0151,good,good,wema,good,religion,Kenya,religious / conversational / code-switched,Sheng AI Bible terminology candidate set,project_curated_candidate,original_terminology_annotation,yes_after_native_and_theological_review,yes_after_native_and_theological_review,needs_native_and_theological_review,0.55,
L00331,C0173,S00331,V0152,hekima,wisdom,hekima,wisdom,religion,Kenya,religious / conversational / code-switched,Sheng AI Bible terminology candidate set,project_curated_candidate,original_terminology_annotation,yes_after_native_and_theological_review,yes_after_native_and_theological_review,needs_native_and_theological_review,0.55,
L00332,C0173,S00332,V0152,wisdom,wisdom,hekima,wisdom,religion,Kenya,religious / conversational / code-switched,Sheng AI Bible terminology candidate set,project_curated_candidate,original_terminology_annotation,yes_after_native_and_theological_review,yes_after_native_and_theological_review,needs_native_and_theological_review,0.55,
L00333,C0174,S00333,V0153,maarifa,knowledge,maarifa,knowledge,religion,Kenya,religious / conversational / code-switched,Sheng AI Bible terminology candidate set,project_curated_candidate,original_terminology_annotation,yes_after_native_and_theological_review,yes_after_native_and_theological_review,needs_native_and_theological_review,0.55,
L00334,C0174,S00334,V0153,knowledge,knowledge,maarifa,knowledge,religion,Kenya,religious / conversational / code-switched,Sheng AI Bible terminology candidate set,project_curated_candidate,original_terminology_annotation,yes_after_native_and_theological_review,yes_after_native_and_theological_review,needs_native_and_theological_review,0.55,
L00335,C0175,S00335,V0154,mfano,parable,mfano,parable,religion,Kenya,religious / conversational / code-switched,Sheng AI Bible terminology candidate set,project_curated_candidate,original_terminology_annotation,yes_after_native_and_theological_review,yes_after_native_and_theological_review,needs_native_and_theological_review,0.55,Also ordinary example/comparison sense.
L00336,C0175,S00336,V0154,parable,parable,mfano,parable,religion,Kenya,religious / conversational / code-switched,Sheng AI Bible terminology candidate set,project_curated_candidate,original_terminology_annotation,yes_after_native_and_theological_review,yes_after_native_and_theological_review,needs_native_and_theological_review,0.55,Also ordinary example/comparison sense.
L00337,C0176,S00337,V0155,funga,fast,funga,fast,religion,Kenya,religious / conversational / code-switched,Sheng AI Bible terminology candidate set,project_curated_candidate,original_terminology_annotation,yes_after_native_and_theological_review,yes_after_native_and_theological_review,needs_native_and_theological_review,0.55,Religious abstinence sense; same surface as 'close/tie'.
L00338,C0176,S00338,V0155,fast,fast,funga,fast,religion,Kenya,religious / conversational / code-switched,Sheng AI Bible terminology candidate set,project_curated_candidate,original_terminology_annotation,yes_after_native_and_theological_review,yes_after_native_and_theological_review,needs_native_and_theological_review,0.55,Religious abstinence sense; same surface as 'close/tie'.
L00339,C0177,S00339,V0156,kufunga,fasting,kufunga,fasting,religion,Kenya,religious / conversational / code-switched,Sheng AI Bible terminology candidate set,project_curated_candidate,original_terminology_annotation,yes_after_native_and_theological_review,yes_after_native_and_theological_review,needs_native_and_theological_review,0.55,
L00340,C0177,S00340,V0156,fasting,fasting,kufunga,fasting,religion,Kenya,religious / conversational / code-switched,Sheng AI Bible terminology candidate set,project_curated_candidate,original_terminology_annotation,yes_after_native_and_theological_review,yes_after_native_and_theological_review,needs_native_and_theological_review,0.55,
L00341,C0178,S00341,V0157,toa,offer,toa,offer,religion,Kenya,religious / conversational / code-switched,Sheng AI Bible terminology candidate set,project_curated_candidate,original_terminology_annotation,yes_after_native_and_theological_review,yes_after_native_and_theological_review,needs_native_and_theological_review,0.55,Ordinary verb too; context required.
L00342,C0178,S00342,V0157,offer,offer,toa,offer,religion,Kenya,religious / conversational / code-switched,Sheng AI Bible terminology candidate set,project_curated_candidate,original_terminology_annotation,yes_after_native_and_theological_review,yes_after_native_and_theological_review,needs_native_and_theological_review,0.55,Ordinary verb too; context required.
L00343,C0179,S00343,V0158,sadaka,offering,sadaka,offering,religion,Kenya,religious / conversational / code-switched,Sheng AI Bible terminology candidate set,project_curated_candidate,original_terminology_annotation,yes_after_native_and_theological_review,yes_after_native_and_theological_review,needs_native_and_theological_review,0.55,
L00344,C0179,S00344,V0158,offering,offering,sadaka,offering,religion,Kenya,religious / conversational / code-switched,Sheng AI Bible terminology candidate set,project_curated_candidate,original_terminology_annotation,yes_after_native_and_theological_review,yes_after_native_and_theological_review,needs_native_and_theological_review,0.55,
L00345,C0180,S00345,V0159,zaka,tithe,zaka,tithe,religion,Kenya,religious / conversational / code-switched,Sheng AI Bible terminology candidate set,project_curated_candidate,original_terminology_annotation,yes_after_native_and_theological_review,yes_after_native_and_theological_review,needs_native_and_theological_review,0.55,
L00346,C0180,S00346,V0159,tithe,tithe,zaka,tithe,religion,Kenya,religious / conversational / code-switched,Sheng AI Bible terminology candidate set,project_curated_candidate,original_terminology_annotation,yes_after_native_and_theological_review,yes_after_native_and_theological_review,needs_native_and_theological_review,0.55,
L00347,C0181,S00347,V0160,madhabahu,altar,madhabahu,altar,religion,Kenya,religious / conversational / code-switched,Sheng AI Bible terminology candidate set,project_curated_candidate,original_terminology_annotation,yes_after_native_and_theological_review,yes_after_native_and_theological_review,needs_native_and_theological_review,0.55,
L00348,C0181,S00348,V0160,altar,altar,madhabahu,altar,religion,Kenya,religious / conversational / code-switched,Sheng AI Bible terminology candidate set,project_curated_candidate,original_terminology_annotation,yes_after_native_and_theological_review,yes_after_native_and_theological_review,needs_native_and_theological_review,0.55,
L00349,C0182,S00349,V0161,hekalu,temple,hekalu,temple,religion,Kenya,religious / conversational / code-switched,Sheng AI Bible terminology candidate set,project_curated_candidate,original_terminology_annotation,yes_after_native_and_theological_review,yes_after_native_and_theological_review,needs_native_and_theological_review,0.55,
L00350,C0182,S00350,V0161,temple,temple,hekalu,temple,religion,Kenya,religious / conversational / code-switched,Sheng AI Bible terminology candidate set,project_curated_candidate,original_terminology_annotation,yes_after_native_and_theological_review,yes_after_native_and_theological_review,needs_native_and_theological_review,0.55,
L00351,C0183,S00351,V0162,safina,ark,safina,ark,religion,Kenya,religious / conversational / code-switched,Sheng AI Bible terminology candidate set,project_curated_candidate,original_terminology_annotation,yes_after_native_and_theological_review,yes_after_native_and_theological_review,needs_native_and_theological_review,0.55,Specific biblical-object sense; may require context.
L00352,C0183,S00352,V0162,ark,ark,safina,ark,religion,Kenya,religious / conversational / code-switched,Sheng AI Bible terminology candidate set,project_curated_candidate,original_terminology_annotation,yes_after_native_and_theological_review,yes_after_native_and_theological_review,needs_native_and_theological_review,0.55,Specific biblical-object sense; may require context.
L00353,C0184,S00353,V0163,gharika,flood,gharika,flood,religion,Kenya,religious / conversational / code-switched,Sheng AI Bible terminology candidate set,project_curated_candidate,original_terminology_annotation,yes_after_native_and_theological_review,yes_after_native_and_theological_review,needs_native_and_theological_review,0.55,
L00354,C0184,S00354,V0163,flood,flood,gharika,flood,religion,Kenya,religious / conversational / code-switched,Sheng AI Bible terminology candidate set,project_curated_candidate,original_terminology_annotation,yes_after_native_and_theological_review,yes_after_native_and_theological_review,needs_native_and_theological_review,0.55,
L00355,C0185,S00355,V0164,hadithi ya uumbaji,creation story,hadithi ya uumbaji,creation story,religion,Kenya,religious / conversational / code-switched,Sheng AI Bible terminology candidate set,project_curated_candidate,original_terminology_annotation,yes_after_native_and_theological_review,yes_after_native_and_theological_review,needs_native_and_theological_review,0.55,
L00356,C0185,S00356,V0164,creation story,creation story,hadithi ya uumbaji,creation story,religion,Kenya,religious / conversational / code-switched,Sheng AI Bible terminology candidate set,project_curated_candidate,original_terminology_annotation,yes_after_native_and_theological_review,yes_after_native_and_theological_review,needs_native_and_theological_review,0.55,
L00357,C0186,S00357,V0165,Mwanzo,Genesis,Mwanzo,Genesis,religion,Kenya,religious / conversational / code-switched,Sheng AI Bible terminology candidate set,project_curated_candidate,original_terminology_annotation,yes_after_native_and_theological_review,yes_after_native_and_theological_review,needs_native_and_theological_review,0.55,Book title; retain source-language conventions in translation workflow.
L00358,C0186,S00358,V0165,Genesis,Genesis,Mwanzo,Genesis,religion,Kenya,religious / conversational / code-switched,Sheng AI Bible terminology candidate set,project_curated_candidate,original_terminology_annotation,yes_after_native_and_theological_review,yes_after_native_and_theological_review,needs_native_and_theological_review,0.55,Book title; retain source-language conventions in translation workflow.
L00359,C0187,S00359,V0166,Kutoka,Exodus,Kutoka,Exodus,religion,Kenya,religious / conversational / code-switched,Sheng AI Bible terminology candidate set,project_curated_candidate,original_terminology_annotation,yes_after_native_and_theological_review,yes_after_native_and_theological_review,needs_native_and_theological_review,0.55,
L00360,C0187,S00360,V0166,Exodus,Exodus,Kutoka,Exodus,religion,Kenya,religious / conversational / code-switched,Sheng AI Bible terminology candidate set,project_curated_candidate,original_terminology_annotation,yes_after_native_and_theological_review,yes_after_native_and_theological_review,needs_native_and_theological_review,0.55,
L00361,C0188,S00361,V0167,Zaburi,Psalms,Zaburi,Psalms,religion,Kenya,religious / conversational / code-switched,Sheng AI Bible terminology candidate set,project_curated_candidate,original_terminology_annotation,yes_after_native_and_theological_review,yes_after_native_and_theological_review,needs_native_and_theological_review,0.55,
L00362,C0188,S00362,V0167,Psalms,Psalms,Zaburi,Psalms,religion,Kenya,religious / conversational / code-switched,Sheng AI Bible terminology candidate set,project_curated_candidate,original_terminology_annotation,yes_after_native_and_theological_review,yes_after_native_and_theological_review,needs_native_and_theological_review,0.55,
L00363,C0189,S00363,V0168,Mithali,Proverbs,Mithali,Proverbs,religion,Kenya,religious / conversational / code-switched,Sheng AI Bible terminology candidate set,project_curated_candidate,original_terminology_annotation,yes_after_native_and_theological_review,yes_after_native_and_theological_review,needs_native_and_theological_review,0.55,
L00364,C0189,S00364,V0168,Proverbs,Proverbs,Mithali,Proverbs,religion,Kenya,religious / conversational / code-switched,Sheng AI Bible terminology candidate set,project_curated_candidate,original_terminology_annotation,yes_after_native_and_theological_review,yes_after_native_and_theological_review,needs_native_and_theological_review,0.55,
L00365,C0190,S00365,V0169,Mathayo,Matthew,Mathayo,Matthew,religion,Kenya,religious / conversational / code-switched,Sheng AI Bible terminology candidate set,project_curated_candidate,original_terminology_annotation,yes_after_native_and_theological_review,yes_after_native_and_theological_review,needs_native_and_theological_review,0.55,
L00366,C0190,S00366,V0169,Matthew,Matthew,Mathayo,Matthew,religion,Kenya,religious / conversational / code-switched,Sheng AI Bible terminology candidate set,project_curated_candidate,original_terminology_annotation,yes_after_native_and_theological_review,yes_after_native_and_theological_review,needs_native_and_theological_review,0.55,
L00367,C0191,S00367,V0170,Marko,Mark,Marko,Mark,religion,Kenya,religious / conversational / code-switched,Sheng AI Bible terminology candidate set,project_curated_candidate,original_terminology_annotation,yes_after_native_and_theological_review,yes_after_native_and_theological_review,needs_native_and_theological_review,0.55,
L00368,C0191,S00368,V0170,Mark,Mark,Marko,Mark,religion,Kenya,religious / conversational / code-switched,Sheng AI Bible terminology candidate set,project_curated_candidate,original_terminology_annotation,yes_after_native_and_theological_review,yes_after_native_and_theological_review,needs_native_and_theological_review,0.55,
L00369,C0192,S00369,V0171,Luka,Luke,Luka,Luke,religion,Kenya,religious / conversational / code-switched,Sheng AI Bible terminology candidate set,project_curated_candidate,original_terminology_annotation,yes_after_native_and_theological_review,yes_after_native_and_theological_review,needs_native_and_theological_review,0.55,
L00370,C0192,S00370,V0171,Luke,Luke,Luka,Luke,religion,Kenya,religious / conversational / code-switched,Sheng AI Bible terminology candidate set,project_curated_candidate,original_terminology_annotation,yes_after_native_and_theological_review,yes_after_native_and_theological_review,needs_native_and_theological_review,0.55,
L00371,C0193,S00371,V0172,Yohana,John,Yohana,John,religion,Kenya,religious / conversational / code-switched,Sheng AI Bible terminology candidate set,project_curated_candidate,original_terminology_annotation,yes_after_native_and_theological_review,yes_after_native_and_theological_review,needs_native_and_theological_review,0.55,
L00372,C0193,S00372,V0172,John,John,Yohana,John,religion,Kenya,religious / conversational / code-switched,Sheng AI Bible terminology candidate set,project_curated_candidate,original_terminology_annotation,yes_after_native_and_theological_review,yes_after_native_and_theological_review,needs_native_and_theological_review,0.55,
L00373,C0194,S00373,V0173,Warumi,Romans,Warumi,Romans,religion,Kenya,religious / conversational / code-switched,Sheng AI Bible terminology candidate set,project_curated_candidate,original_terminology_annotation,yes_after_native_and_theological_review,yes_after_native_and_theological_review,needs_native_and_theological_review,0.55,
L00374,C0194,S00374,V0173,Romans,Romans,Warumi,Romans,religion,Kenya,religious / conversational / code-switched,Sheng AI Bible terminology candidate set,project_curated_candidate,original_terminology_annotation,yes_after_native_and_theological_review,yes_after_native_and_theological_review,needs_native_and_theological_review,0.55,
L00375,C0195,S00375,V0174,Ufunuo,Revelation,Ufunuo,Revelation,religion,Kenya,religious / conversational / code-switched,Sheng AI Bible terminology candidate set,project_curated_candidate,original_terminology_annotation,yes_after_native_and_theological_review,yes_after_native_and_theological_review,needs_native_and_theological_review,0.55,
L00376,C0195,S00376,V0174,Revelation,Revelation,Ufunuo,Revelation,religion,Kenya,religious / conversational / code-switched,Sheng AI Bible terminology candidate set,project_curated_candidate,original_terminology_annotation,yes_after_native_and_theological_review,yes_after_native_and_theological_review,needs_native_and_theological_review,0.55,
